ItemID,Sentiment,Acertividad,SentimentText
1,NEUTRO,INCORRECTO,@ElianaCabrera9 Pero si volvi√≥ la fan√°tica religiosa que dec√≠a q con inhalar agua caliente te curabas del coronavirus
2,NEGATIVO,INCORRECTO,"La emergencia de salud p√∫blica debido a #COVID-19 exige que los profesionales de salud posean conocimiento actual de la pandemia. Por esto, el objetivo de esta carta es destacar los efectos neurol√≥gicos potenciales de COVID-19. L√©ala en https://t.co/3igwwuDJRc https://t.co/snbImst31K"
3,NEUTRO,INCORRECTO,"Disfruta de Internet, telefon√≠a y cable! #tvcable #QuedateEnCasa #coronavirus #COVID-19 #Covid19Ec #Entretenimiento https://t.co/3nU31LYxfI"
4,NEUTRO,INCORRECTO,Coronavirus: 427.646 personas que entraron a Ecuador eran Àúsospechosas https://t.co/rtnwjBpQX6
5,NEGATIVO,CORRECTO,"La presidenta de la Comisi√≥n Europea, @vonderleyen, present√≥ ante el Parlamento Europeo los detalles de una propuesta de Fondo de Recuperaci√≥n para que los pa√≠ses de la UE puedan superar la crisis del #coronavirus. Detalles: https://t.co/eQMyB9VBr0 https://t.co/BT2n9676WU"
6,NEGATIVO,INCORRECTO,"#Emergencia #Coronavirus Durante la pandemia y en todo mi Administraci√≥n hemos apoyado a estos centros ( Fundaci√≥n G√©nesis y Casa Hogar Nuevo Esp√≠ritu ) que nos ayudan a recuperar  a las personas , para reisentarlas a la sociedad. Hoy personalmente fuimos a visitarlos y https://t.co/UugmTelwqr"
7,NEGATIVO,INCORRECTO,"#SOSEcuador Si NO te MATA el CORONAVIRUS, lo hara, la PANDILLA, del CUANTICO TRAIDOR",", ante las MEDIDAS de OCTUBRE", que se APLICAN, tras PANDEMIA del CORONAVIRUS https://t.co/jB57nyIIWI
8,POSITIVO,CORRECTO,Ni√±a nacio con coronavirus luego del baby shower clandestino https://t.co/8We96cnoo3
9,NEUTRO,INCORRECTO,Coronavirus: El arte de resistir o c√≥mo conseguir que los ni√±os de hoy sean los resilientes del ma√±ana | Mam√°s y Pap√°s | EL PAIS https://t.co/cILDUBzNjp
10,NEGATIVO,CORRECTO,Mi hijo Joaqu√≠¬≠n 7 a√±os de la Provincia del Chaco .... Habla del Coronavirus .....  @alferdez https://t.co/jzgGZqt9iU
11,NEUTRO,CORRECTO,Coronavirus: los 10 pa√≠ses que m√°s han gastado en enfrentar la pandemia (y c√≥mo se ubican los de Am√©rica Latina) https://t.co/ga4ctjcDfj
12,NEGATIVO,INCORRECTO,@PanchaFlo @BeatrizHLeon Cuanto me alegro que Dios te concedi√≥ otra nueva oportunidad yo tampoco se lo deseo a nadie perd√≠ 3 familiares pero ah√≠ gente q toma este coronavirus como chiste
13,NEGATIVO,INCORRECTO,"Alberto Fern√°ndez, ¬øinmune al coronavirus o por encima de su propia ley? https://t.co/Vaojwx9NoY En cada presentaci√≥n p√∫blica, donde una y otra vez extiende el plazo de la cuarentena por el coronavirus (COVID-19), Alberto Fern√°ndez le ruega a la gente que no salga de su casa a no"
14,POSITIVO,INCORRECTO,@mariomorelio Te falto el tengo coronavirus
15,NEUTRO,CORRECTO,El doctor Carlos Vera Mora representante del comit√© del coronavirus de la ciudad de guayaquil hace una donaci√≥n de insumos m√©dicos al dr Rodrigo Mena alcalde del cant√≥n el carmen https://t.co/NRZIK35KKD
16,POSITIVO,INCORRECTO,@isravelez2 @VillaFernando_ Jajajajaja no creo que lleguemos a ese nivel de degradaci√≥n. #coronavirus #semaforoamarillo
17,NEGATIVO,CORRECTO,"(VIDEO) En medio de la pandemia por el coronavirus, Rafael Nadal promociona su academia en Mallorca  https://t.co/Acg4WE3sqU https://t.co/ZDRJOs8MkR"
18,NEUTRO,INCORRECTO,"Gabinete Ampliado revis√° las prioridades del Gobierno, tras el impacto del coronavirus. Mas detalles https://t.co/t0yo792ZjS https://t.co/JvYEE3ONue"
19,NEUTRO,CORRECTO,Brinda un ambiente seguro a tus colaboradores y clientes con nuestro Kit medici√≥n temperatura para ingreso de clientes/personas. M√°s informaci√≥n: https://t.co/cYdvCiEzFi #coronavirus #mediciondetemperatura #termometrosdigitales #equiposdemedicion #covidecuador https://t.co/uPfsKRrUZB
20,POSITIVO,CORRECTO,"@AlfonsoReece @santiagobermeov Si dice el coronavirus , le pregunta seria cual de los cientos ??"
21,NEUTRO,INCORRECTO,Coronavirus: Emelec los fumiga y revisa de pies a cabeza https://t.co/6VNWzbnxwX
22,POSITIVO,INCORRECTO,En Macar√° se suspendieron todas las actividades correspondientes a las pruebas por coronavirus https://t.co/98x5DmBV63
23,NEUTRO,INCORRECTO,"#Coronavirus en #Uruguay: la singular y exitosa estrategia del pa√≠¬≠s para contener la pandemia sin cuarentena obligatoria"": https://t.co/hvM5d03QZx"
24,NEUTRO,CORRECTO,El coronavirus viendo como todos se olvidan de √©l por el caos que ha generado el racismo de un polic√≠¬≠a y el pronunciamiento de #Anonymous https://t.co/Tpcmobngv3
25,NEUTRO,CORRECTO,"Distribuci√≥n de casos de #coronavirusenEcuador, seg√∫n reporte oficial difundido la ma√±ana de este viernes 29 de mayo de 2020. https://t.co/7raGCAsv9G https://t.co/Y5FXJFvkjV"
26,NEUTRO,INCORRECTO,"C√≥mo desarrollar una personalidad resistente en tiempos de coronavirus, seg√∫n la psic√≥loga Laura Rojas-Marcos https://t.co/aA5a76IU19"
27,NEUTRO,INCORRECTO,Andrea Bocelli tuvo coronavirus y dona plasma para investigaci√≥n https://t.co/0BxrOV0R1T v√≠a @Primicias
28,NEGATIVO,CORRECTO,"#Viernes #Emergencia #Coronavirus #Aeropuerto   Hoy entregamos implementos ( Termometro y Mascarillas ) para el control de los viajeros que arriban al  aeropuerto , y recibimos al primer vuelo  de reapertura de la empresa @aereoregional . - LArry Alcalde‚Äù https://t.co/tUpCBcLpCl"
29,NEUTRO,INCORRECTO,#DESTACADO El transporte p√∫blico urbano en #Cuenca se reactiva a partir del lunes 01 de junio. Se pide a la ciudadan√≠a utilizarlo con responsabilidad. Fuente: @MunicipioCuenca #Noticias #Ecuador #coronavirus https://t.co/6MokoCZdD1
30,POSITIVO,INCORRECTO,As√≠¬≠ se reabren los cines en #Alemania . #NuevaNormalidad #coronavirus #DistanciamientoSocial #DistanciaSegura https://t.co/tNN2LmElj4
31,NEUTRO,CORRECTO,"Si fueran municiones con acci√≥n vol√°til para neutralizar al coronavirus, las tendr√≠¬≠an embodegadas. https://t.co/YEIbUdrAEm"
32,NEGATIVO,CORRECTO,"#ECUADOR | El ministro de Salud, @DrJuanCZevallos, indic√≥ que un total de 2.794 personas se incorporaron al trabajo en primera l√≠nea para enfrentar el coronavirus a nivel nacional. https://t.co/EfDcB5U6Zz"
33,POSITIVO,INCORRECTO,"@ChemistryWorld, de la Real Sociedad de Qu√≠mica del Reino Unido (@RoySocChem), destaca el trabajo de Carolina Proa√±o (@cdproano) en su direcci√≥n del primer laboratorio acreditado en la Amazon√≠¬≠a para procesar muestras de Covid-19 #IkiamInvestiga https://t.co/EgvY0bO6Bu"
34,NEUTRO,INCORRECTO,Un equipo de epidemi√≥logos de Alemania arribar√° a Ecuador en los pr√≥ximos d√≠as y traer√° consigo una donaci√≥n de 100.000 pruebas PCR. El objetivo de su visita es fortalecer la gesti√≥n y el diagn√≥stico del coronavirus en el pa√≠s.  As√≠ inform√≥ presidente @Lenin https://t.co/hgtEixXcvR
35,NEUTRO,INCORRECTO,"@daanelalejandro https://t.co/ySsQl3Oa9H creo q s hora de vencer el panico q nos creo toda la prensa y autoridades como cabinas d desinfeccion, uso de guantes el resto mascarilla, distanciamiento y alcohl gel hasta el 2021"
36,POSITIVO,CORRECTO,"#Far√°ndula | El m√∫sico argentino #CharlyGarcia fue hospitalizado de urgencia en #Argentina :o :o¬∑, con un cuadro febril de 38 grados y dolores corporales. El artista fue sometido a la prueba r√°pida de detecci√≥n del nuevo coronavirus, resultando negativo. https://t.co/1k5entLDdw"
37,NEUTRO,CORRECTO,"Nunca cre√≠¬≠ que Estados Unidos tuviera su ""Brisa Bolivariana"". Y todo engatillado desde un asesinato de tintes raciales y parece que tambi√©n hab√≠a resentimientos sociales ocultos (c√≥mo Chile) y llegando al vandalismo. Y el coronavirus se est√° haciendo un fest√≠n. https://t.co/f20mecIGTX"
38,NEUTRO,CORRECTO,Viajes locales y m√°s cortos se preve√©n tras reinicio de los vuelos en Ecuador. https://t.co/IRo3AvA9cn https://t.co/jyUY6OQuDa
39,NEGATIVO,CORRECTO,"üìûSi tiene s√≠ntomas o dudas del #Coronavirus COVID-19, contacte con la l√≠nea de atenci√≥n ciudadana al 148. No te automediques y permanec√© en su domicilio # QuedateEnCasa # CuidarteEsCuidarnos https://t.co/oWwGqY1gw3"
40,NEUTRO,INCORRECTO,#URGENTE | #COVID_19 #Pescadores de #Manab√≠ con coronavirus reciben atenci√≥n en Tahit√≥. https://t.co/j9dtchHXMO
41,POSITIVO,CORRECTO,"Esta cosa si nos defiende del coronavirus. No tengo dudas, tampoco certezas https://t.co/RvHLYajJhS"
42,NEUTRO,CORRECTO,"#Emergencia #Coronavirus  Como medida de prevenci√≥n se realiz√≥ la Desinfecci√≥n en Florida,  la avanzada y adem√°s con la colaboracion de la ciudadan√É¬≠a tambi√©n se ejecut√≥ este trabajo en Pto Jel√≠, en las aceras  , en coordinaci√≥n de nuestro Cuerpo De Bombero  Administraci√≥n 19/23 https://t.co/evLtLxkwAK"
43,NEUTRO,CORRECTO,El nuevo coronavirus dej√≥ a 814.000 personas sin ingresos formales https://t.co/yG7vLmPXsn
44,NEUTRO,INCORRECTO,Es viernes y el cuerpo lo sabe #cuarentenachallenge #actriz #cuarentena #ecuador #guayaquil #coronavirus #ecuatoriana #video #foto #fotografia #modelo #tiktokdance en Cuarentena En mi casa https://t.co/Re9krUfn45
45,NEUTRO,CORRECTO,Prevengamos y usemos mascarillas. #Covid_19 #coronavirus #SARSCoV2 https://t.co/xo3efsm7td
46,POSITIVO,INCORRECTO,El mejor test¬è  https://t.co/0M9HVk6Ikc
47,NEUTRO,INCORRECTO,"Brasil registr√≥ en las √∫ltimas 24 horas 16.409 nuevos contagios por el nuevo coronavirus, elevando el total de infecciones en el pa√≠¬≠s a 514.849 desde que inici√≥ la pandemia, seg√∫n el informe presentado este 31 de mayo por el Ministerio de Salud brasile√±o. https://t.co/7fm07fmzMl"
48,NEUTRO,INCORRECTO,Expertos piden acceso a los datos brutos de la investigaci√≥n que asegura la peligrosidad de esta mol√©cula para tratar el nuevo #coronavirus. https://t.co/eXL4uFfLwX
49,NEUTRO,INCORRECTO,¬øCu√°ntos anuncios desaparecer√°n de la televisi√≥n este verano por culpa del coronavirus? https://t.co/NqqbAd8YM4 https://t.co/BqduzOTF7X
50,POSITIVO,CORRECTO,"#Coronavirus: Nueve cantones de Guayas compraron mascarillas, trajes y pruebas a costos elevados. Se aferran a que al inicio hubo especulaci√≥n y escasez."
51,NEGATIVO,CORRECTO,"#ATENCI√ìN  #Cuenca se mantiene en """"sem√°foro amarillo"""" hasta el domingo 14 de junio del 2020. As√≠ lo resolvi√≥ esta noche el Comit√© de Operaciones de Emergencias (COE) Cantonal. Fuente: @MunicipioCuenca #Noticias #Ecuador #Coronavirus https://t.co/9KwgewWHFn"
52,NEGATIVO,CORRECTO,"El sistema de salud tendr√° el a√±o m√°s duro y talvez infeliz de su historia, lidiando con multitud de pacientes con enfermedades cr√≥nicas no transmisibles, y ahora heridos en protestas y sumado el Coronavirus, el sistema hospitalario de este pa√≠s en riesgo de colapsar. https://t.co/JgeeolHand"
53,POSITIVO,INCORRECTO,@myketowersykz Andaban enmascarados antes del coronavirus
54,POSITIVO,CORRECTO,#WVEenMedios @ElHeraldoAmbato ...Se estima que 1000 millones de ni√±os experimentan alguna forma de violencia cada a√±o," no obstante, esta pandemia est√° impulsando vulnerabilidades que incrementan el riesgo de violencia no reportada... #COVID19 #coronavirus #CoronavirusEcuador https://t.co/B1miIPBv7y"
55,NEUTRO,CORRECTO,Experto italiano explica el comportamiento del #coronavirus  https://t.co/JZ1Xj9XqY8
56,NEUTRO,CORRECTO,"Coronavirus, devu√©lveme mis clases presenciales con #misalumnos https://t.co/cUyJ7W2BNQ"
57,NEGATIVO,INCORRECTO,El transporte interprovincial de pasajeros seguir√° suspendido hasta mediados de junio del 2020 https://t.co/WoKfZ9vBuX
58,NEUTRO,INCORRECTO,"En el portal de Compras P√∫blicas hay 13 procesos de adquisici√≥n de pruebas PCR. La mayor√≠a de ellos corresponde a gobiernos seccionales, que adquieren los tests para aplicarlos en su poblaci√≥n.¬ª https://t.co/iPuWLZc8wg #Covid_19 https://t.co/YU0dHKmqe1"
59,NEUTRO,INCORRECTO,El d√≠¬≠a de la Regi√≥n se viste de luto en recuerdo a las v√≠¬≠citmas mortales del coronavirus https://t.co/JKviTfQGOP
60,NEUTRO,CORRECTO,"¬øQu√© impacto econ√≥mico tendr√°
el #coronavirus en #AmericaLatina ?
Mas informacion: https://t.co/yjDJNRnpbp"
61,NEUTRO,INCORRECTO,"Hoy, La Alcaldesa de #Guayaquil, @CynthiaViteri6, constat√≥ medidas de bioseguridad en el aeropuerto Jos√© Joaqu√≠n de Olmedo y entreg√≥ 7.000 pruebas r√°pidas de detecci√≥n del #coronavirus #SucreEnLaNoticia https://t.co/oqWtdl6ihw"
62,NEUTRO,INCORRECTO,#NOTICIAS:  Las 7 comunidades Ts√°chilas fueron declaradas en estado de emergencia por los casos de Covid-19 que se registran en la etnia," hasta el momento, el nuevo coronavirus deja como saldo un fallecido y varios casos positivos confirmados. (MP) https://t.co/goSW3Ck7On"
63,NEUTRO,CORRECTO,"#Covid | CIFRAS DIARIAS DEL CORONAVIRUS EN ECUADOR (05/06/2020)  *Datos entregados por @Riesgos_Ec*  Estas son las cifras que ha arrojado el #Covid19Ec. Actualizadas del Viernes 05 de Junio del 2020, en el pa√≠¬≠s.  #NosCuidamosTodos #JuntosNosCuidamos #Covid19Ecuador https://t.co/bMiwHzkdRf"
64,POSITIVO,INCORRECTO,Fuerte baja del petr√≥leo por temor a segunda ola de contagios por covid-19 https://t.co/WUkifOQGdw https://t.co/etunkuA23V
65,POSITIVO,INCORRECTO,El hipoclorito s√≥dico es un recurso eficaz frente al Covid-19 #CoronavirusEnEcuador https://t.co/ktzAe4sRoy
66,NEGATIVO,CORRECTO,Como el coronavirus. https://t.co/jAQz8eGEeu
67,NEGATIVO,INCORRECTO,El sector hotelero de Santo Domingo intenta superar la crisis econ√≥mica provocada por el coronavirus. https://t.co/LzykS9BeLz https://t.co/C0YI1T1DHl
68,NEGATIVO,CORRECTO,"@Lenin @Produccion_Ecu @PNUDEcuador El trabajo en conjunto siempre trae resultados satisfactorios y en este caso usted presidente ha trabajo muy duro para que el pa√≠¬≠s recupere el rumbo que perdimos gracias al coronavirus, el pa√≠¬≠s se va recuperar de este mal momento. #EnMarchaDigital #AEcuadorLoSacamosTodos"
69,NEUTRO,INCORRECTO,#COVID19 | El accidente cerebrovascular es la segunda causa de muerte en la mayor√≠a de pa√≠¬≠ses de Latinoam√©rica https://t.co/qa31z69bbm
70,NEUTRO,INCORRECTO,Empleador debe cumplir con medidas para la labor presencial de los trabajadores en medio del covid-19 https://t.co/dmlBEmO5u8
71,POSITIVO,INCORRECTO,"MASCARILLAS  INDISPENSABLES(AgenciAne) Las mascarillas  de protecci√≥n contra el coronavirus, seg√∫n   un destacado investigador,  determinan   el camino por delante en la pandemia de covid-19 est√° siendo determinado por las m√°scaras."
72,NEUTRO,CORRECTO,@eluniversocom el legado del #coronavirus
73,POSITIVO,INCORRECTO,Que no s√≥lo corren peligro del coronavirus sino de que los lastimen ¬èpor favor @UNICEFenEspanol @SaveChildrenEs reclamar que @MinGobiernoEc no le importa la salud tanto f√≠sica como mental de los ni√±os #Ecuatorianos juntos contra la injusticia y buscando un mundo mejor
74,NEGATIVO,CORRECTO,"Pregunta del siglo cuando vuelve el ""ataque del Coronavirus"" creen que todo ya pas√≥ solo porque sus pa√≠ses deciden salir de cuarentena? Jajajajaja... Est√°n preparados para lo que no ven, tomara por sorpresa a m√°s de uno. #CoronavirusEnEcuador"
75,NEUTRO,CORRECTO,Mujer de 94 a√±os recibi√≥ el alta m√©dica tras batallar durante un mes contra la COVID-19 https://t.co/T74EnuSO7T
76,NEGATIVO,CORRECTO,"Desde la @emov_ep se informa que el Sistema de Estacionamiento Rotativo Tarifado (SERT) #Cuenca,  se reactiva a partir de hoy, 28 de mayo. Los conductores deber√É¬°n adquirir las tarjetas de parqueo para poder estacionarse en las zonas respectivas. #Noticias #Ecuador #Coronavirus https://t.co/eBjyOo7k79"
77,NEUTRO,CORRECTO,El torneo de tenis de Roma podr√≠a disputarse en septiembre del 2020 https://t.co/wviJCQ39pt
78,NEUTRO,CORRECTO,"#Brasil con 27.878 muertos, ya es el quinto pa√≠s con m√°s fallecidos de coronavirus, con 1.124 nuevos fallecidos en las Ultimas 24 horas, y se encuentra como 5to pa√≠¬≠s con m√°s muertos por coronavirus, totalizando 27.878 decesos, inform√≥ el Ministerio de Salud. Fuente: #AFP https://t.co/2jSS1XVLCO"
79,NEUTRO,CORRECTO,"(1/4) #LaVerdad | -El 03/01/ 2020, China comenz√≥ a enviar actualizaciones peri√≥dicas y oportunas sobre el nuevo coronavirus a la @WHO (OMS), otros pa√≠ses incluidos los #EEUU y las regiones de Hong Kong, Macao y Taiw√°n"
80,NEUTRO,INCORRECTO,@CodigoVidrioEc Qu√© tiene de malo esa noticia??? Est√°n cometiendo alg√∫n delito o da√±os a la salud o a la parte social? #coronavirus #coronavirus #Ecuador @CancilleriaEc @OEA_oficial
81,NEUTRO,INCORRECTO,"""Sin m√°s. El virus de la derecha https://t.co/jJrqpC6lv0"""
82,NEUTRO,INCORRECTO,"√∞≈∏‚Äù¬¥#PICHINCHA | S√≥lo quedan disponibles 83 camas para manejo de pacientes con coronavirus, esto ocurre cinco d√≠as antes de que Quito, ciudad que cuenta con todos los hospitales para atenci√≥n de #covid19 de la provincia, pase a sem√°foro amarillo."
83,NEUTRO,CORRECTO,Ahora entienden precauciones de @CynthiaViteri6 a pesar de 7 d√≠¬≠as con CERO muertos atribuidos a Coronavirus y su medida EXTREMA pero LEG√ç¬çTIMA(COE y Gobierno hab√≠an DECIDIDO ¬ùnadie entra/nadie sale)de bloquear el aeropuerto JJO a 11 tripulantes de Iberia provenientes de Madrid? 1/2
84,POSITIVO,CORRECTO,Banco Mundial prev√© contracci√≥n econ√≥mica en Ecuador. Las previsiones realizadas por el organismo internacional apuntan a una ca√≠da en los ingresos brutos del pa√≠s y se√±alan que la contracci√≥n econ√≥mica afectar√° a distintos sectores productivos. Link:https://t.co/Ew8oyt0306 https://t.co/YFNlKsbwG0
85,POSITIVO,INCORRECTO,@cisnerosfer @Susy785 Nada. NO hay que rociar a las personas. No sirve de nada y hasta causa da√±o. https://t.co/hhdrvNfwsU
86,NEGATIVO,INCORRECTO,"Se√±or Ministro de Salud @DrJuanCZevallos @Salud_Ec es el colmo que se pague 120 d√≥lares por una prueba del coronavirus en @VerisEcuador y despu√©s q le cobran y le hacen, le digan q los RESULTADOS ESTARAN EN 7 DIAS  Eso no es correcto, por favor hagan controles"
87,NEGATIVO,CORRECTO,Aprueban en Rusia el primer medicamento contra el COVID-19 #coronavirus #Covid_19  https://t.co/ehopVB6ujM
88,NEGATIVO,CORRECTO,"#Coronavirus: las pruebas tempranas y los cierres r√°pidos impidieron ""hasta 100,000 muertes"" en Alemania https://t.co/nFlrKUlEgc"
89,NEUTRO,INCORRECTO,Si el coronavirus le puso fin a esto entonces no todo fue malo. https://t.co/kJjiTnb8qo
90,NEUTRO,INCORRECTO,"#ATENCI√ìN | En #Ecuador, 3.334 personas han fallecido por #coronavirus. Hay 2.129 fallecidos probables y se ha dado el alta hospitalaria a 4.269 personas. ¬ª https://t.co/ZG8aKRdXOc #Covid_19 https://t.co/SOsdTa2nhM"
91,NEUTRO,INCORRECTO,"A medida que el coronavirus contin√∫a afectando nuestra rutina diaria y econom√≠a, debemos mantener una actitud positiva y de perseverancia frente a la vida. @CVillanueva50km, el mejor ejemplo para hablar de resiliencia. #AEcuadorLoSacamosTodos https://t.co/SE8YehIHvr"
92,NEGATIVO,INCORRECTO,Josefina Coloma es una cient√≠fica ecuatoriana radicada en California. El resultado de su investigaci√≥n tambi√©n beneficia a Ecuador:¬è https://t.co/UK1tcK2bbt
93,POSITIVO,CORRECTO,¬°CAZARES POSITIVO PARA COVID-19! #100xcientosports #futbol #internacional #notainternacional #atl√©ticomineiro #mineiro #juancazares #cazares #Coronavirus #covid19 https://t.co/voiYx0omSG => https://t.co/TvRgsM1r8j
94,NEUTRO,CORRECTO,#Noticias 4 pa√≠¬≠ses de Am√©rica Latina que lograron aplicar estrategias exitosas de educaci√≥n a distancia ante la pandemia https://t.co/OTgJGpda0U #Coronavirus #Educaci√É¬≥n #Educaci√≥nADistancia
95,POSITIVO,CORRECTO,"#ATENCI√ìN La @emov_ep hace una modificaci√≥n a la restricci√≥n de circulaci√≥n de taxis, transporte mixto y veh√≠¬≠culos de carga liviana en #Cuenca. #Noticias #Ecuador #Coronavirus As√≠ podr√°n circular estos veh√≠¬≠culos a partir del lunes 01 de junio https://t.co/fNXa2uHfPF"
96,NEGATIVO,INCORRECTO,Coronavirus | Entrevista con Laura Rojas-Marcos: Estamos aprendiendo a gestionar la incertidumbre BBC News Mundo https://t.co/RqQlSLIPYB
97,NEUTRO,INCORRECTO,Hoy encontr√© esto y quise compartirles! De todo coraz√≥n q sea as√≠¬≠ para cada uno de ustedes! #BuenMiercoles #HistoriasDeCuarentena #Covid_19 #QuedateEnCasa #coronavirus https://t.co/v2twi2vkcr
98,NEUTRO,CORRECTO,"Que capacidad de RECICLAJE tiene la pol√≠¬≠tica ecuatoriana, si eso aplicar√≠¬≠amos al ambiente no queda ni un pl√°stico.... #coronavirus #MunicipioDeQuito #SemaforoAmarilloEnQuito https://t.co/mkELHgwte4"
99,NEUTRO,INCORRECTO,"Varios estudios en Australia, Sud√°frica, Europa o Estados Unidos verifican la hip√≥tesis del efecto escudo que tendr√≠a esta vacuna contra el nuevo coronavirus."
100,NEGATIVO,INCORRECTO,"La obra entregada es parte de la serie ""40 d√≠as 40 obras"" realizada en alusi√≥n al #COVID19 por artistas guayaquile√±os e impulsada por Angela de Manrique. La venta de las obras destin√≥ fondos para personas de la 3era edad afectadas por el coronavirus."
101,NEUTRO,CORRECTO,"@Geancapan @LuisitoAnton Pero por qu√© no servir√É√≠a esa? Cu√°l es la explicaci√≥n? Al menos que estas en una cl√≠nica o un ambiente cerrado, una tela servir√≠a. https://t.co/MuaWyrtsZ7"
102,NEUTRO,CORRECTO,Ecuador amanece este 31 de mayo de 2020 con 39.098 casos positivos de coronavirus y 3.358 fallecidos confirmados del virus.  https://t.co/epLpnc6OxT https://t.co/a3xWVspGKZ
103,POSITIVO,CORRECTO,"As√≠¬≠ hacen frente al coronavirus los ind√≠genas de la Amazon√≠¬≠a ecuatoriana (y c√≥mo se preparan para una pospandemia de hambre, desempleo y trueque) https://t.co/NFTHE0ALpV"
104,NEUTRO,INCORRECTO,Dur√°n completa el sem√°foro amarillo en el gran Guayaquil https://t.co/CszA0KdyjR
105,NEGATIVO,INCORRECTO,"ENTREVISTA | Antonio O Connor, sindicalista de CGT: """"Las preguntas de la Guardia Civil iban a intentar ligar artificialmente nuestra desconvocatoria con la teor√É¬≠a del 8M y el coronavirus"""" https://t.co/xR2Mpa5iku a trav√©s de @eldiarioes Qu√© est√° pasando en la guardia civil?"
106,NEGATIVO,INCORRECTO,Se inaugura nueva f√°brica del medicamento Limonadot  para combatir el Coronavirus. https://t.co/r3cj3UhO2r
107,NEUTRO,CORRECTO,Amigos as√≠¬≠ no se puede o es coronavirus o es temblor :c
108,NEUTRO,INCORRECTO,EN VIVO #DeLey express consultas juridicas. Gracias por sumarse!!! Nuestro aporte durante el tiempo de #coronavirus #Covid_19 #28Mayo https://t.co/kc2qGn3Uy5
109,POSITIVO,CORRECTO,Los murcielagos no son el origen del nuevo coronavirus https://t.co/94VV1Loqu7 a trav√©s de @YouTube
110,NEUTRO,INCORRECTO,"CIDH muestra ""alarma"" por propagaci√≥n de coronavirus entre ind√≠genas amaz√≥nicos de Ecuador | El Comercio https://t.co/Dr06zxp6b1"
111,NEUTRO,INCORRECTO,"#Ecuador: ""Vuelos comerciales se reactivan desde el lunes 1 de junio en el aeropuerto Mariscal Sucre de Quito  https://t.co/PLBV588Jfk"" https://t.co/gQJOptxLQK"
112,NEGATIVO,INCORRECTO,"28/05/2020 (por Pepito G.): ""Coronavirus (COVID-19, SARS-CoV-2): @EuroLeague Cancelada (MVP, Equipos)"" https://t.co/m7BCby2E1h @mbegoibiza @FreddyEnguita @adejuanas @DCuadrado70 @canopan_teresa @cajoan @GonPerezC @Aitor_Arroyo_ @vane39671236 @Sergiosket @Montsemonsalve"
113,NEUTRO,CORRECTO,"Y aqu√≠ vemos que el CORONAVIRUS, no es nada para todo lo que nos merecemos como humanidad. No hemos aprendido nada. Absolutamente nada. https://t.co/nQhlG6RqnQ"
114,POSITIVO,CORRECTO,"Art√≠¬≠culo | BBC News Mundo - Coronavirus: el gran ¬©xito de la estrategia contra covid-19 de Kerala, el estado de India gobernado por comunistas https://t.co/29JcVMJ5i8"
115,POSITIVO,CORRECTO,"@mariaines_rp Yo solo entiendo que hicieron un estudio jajajaja, pero ya no tengo coronavirus, soy literalmente un sobreviviente"
116,POSITIVO,INCORRECTO,Con estos saludos alternativos puedes reducir el riesgo de infecci√≥n por #coronavirus. M√°s informaci√≥n en https://t.co/ZrXb8dH1l4 https://t.co/VNFuH14c29
117,NEUTRO,CORRECTO,Esta es una de las cientos de preguntas que tengo sobre la #Crisis #coronavirus #AyudaHumanitaria #GobiernoDeInutiles https://t.co/x0l8IyRO0e
118,POSITIVO,CORRECTO,El informe de este mi√©rcoles sobre la emergencia sanitaria del #CoronavirusenEcuador registra 3.700 de personas recuperadas.    https://t.co/4bExfeMJKM
119,POSITIVO,INCORRECTO,Una revisi√≥n del portal de Compras P√∫blicas evidencia que las entidades del sector p√∫blico han pagado entre USD 18 y USD 85 por las pruebas PCR para la detecci√≥n del #coronavirus. ¬ª https://t.co/T6mJc6BE3L  #Covid_19
120,POSITIVO,INCORRECTO,"Bueno, y como vamos con la #vacuna del #coronavirus? Ya me tiene arrecho este virus hijueputa!"
121,POSITIVO,CORRECTO,"Reino Unido comunic√≥ este domingo 113 muertes por COVID-19 en hospitales, residencias y domicilios, hasta un total de 38.489 fallecidos desde que comenz√≥ la pandemia, y detect√≥ 1.936 nuevos contagios de coronavirus. https://t.co/w4XSqvfkIj"
122,NEUTRO,INCORRECTO,"El coronavirus se√±ores: el corona... Ah qu√© caso tiene, mejor que ya nos contagiemos todos, colapse el sistema sanitario y ah√≠ sobrevivan quien pueda. Ya no se puede. Ya no twitteare m√°s sobre aglomeraciones y m√°s. Ya no entienden. https://t.co/QCoz3APtHI"
123,NEUTRO,CORRECTO,Quiero un modelo matem√°tico que me explique c√≥mo es que la #ceniza del #Sangay üåã que es mucho m√°s grande y pesada que las part√≠culas de #coronavirus vuelan cientos de kil√≥metros mientras que lo otro üò∑ se cae al suelo a los 2 metros.
124,NEGATIVO,INCORRECTO,La pandemia del #coronavirus les cort√≥ las alas a las Aerol√≠neas de Am√©rica Latina. ¬øCu√°nto tardar√°n en recuperarse?¬è https://t.co/T8OenRqhwg
125,NEUTRO,INCORRECTO,"SOLO PERIODISMO: Coronavirus en Ecuador: las multitudinarias protestas por las dr√°sticas medidas econ√≥micas y recortes de Len√≠n Moreno https://t.co/YZox1Ka74R"""
126,NEUTRO,INCORRECTO,"La recomendacion general sigue siendo """"qu√©date en casa"""", por lo que es importante que sigamos cuid√°ndonos. Ahora es momento para reconectarse con las personas y tambi√©n para recargar tu cuerpo y mente. ¬øQu√© haces en esta """"nueva normalidad""""? Fuente: https://t.co/fUMPqh6SWI https://t.co/26fT71ekJi"
127,NEUTRO,INCORRECTO,Cancelado porque le dio coronavirus al espacio dicen
128,NEUTRO,INCORRECTO,@AlertaNews24 Dato No opini√≥n Al Coronavirus le gusta esto
129,NEUTRO,CORRECTO,"#An√°lisisdeCoyuntura. La emergencia sanitaria por el #SARSCoV2 ha revelado los problemas estructurales del sistema de salud en #Colombia, como lo explica el m√©dico e investigador colombiano Manuel Vega: https://t.co/AbzRwo1X0D #Covid_19 #Coronavirus https://t.co/KZ3yqYEi4K"
130,POSITIVO,CORRECTO,Respetemos el distanciamiento social y las restricciones que existen en cada ciudad. Utilicemos correctamente la mascarilla y constantemente lavemos nuestras manos. Si cumplimos estas recomendaciones disminuimos el n√∫mero de contagiados por #coronavirus #MarcandoLaDiferencia https://t.co/TA85CquULD
131,NEGATIVO,INCORRECTO,Los universitarios se han adaptado a cambios causados por el covid-19 https://t.co/WgbwsEHbnF https://t.co/9dVwxM4mg8
132,NEUTRO,CORRECTO,Estas son las medidas para el trabajo presencial de los empleados en medio del covid-19 | El Comercio https://t.co/ovVdMmnEZf
133,NEUTRO,INCORRECTO,"#Latacunga Las salas de emergencia, hospitalizaci√≥n de la casa de salud m√°s grande de Cotopaxi, a√∫n mantienen espacios libres para la atenci√≥n de pacientes contagiados de coronavirus. Detalles: https://t.co/X3pdc1K1i7, https://t.co/SdWCIUzXpq"
134,NEGATIVO,INCORRECTO,"Coronavirus: Ministerio de Salud de Ecuador permite tratamiento con hidroxicloroquina, pese a apoyo a la OMS en suspender ensayos | ElUniverso https://t.co/WLEJm9NvNt https://t.co/4G2u8xuBux"
135,POSITIVO,CORRECTO,El profesor de Harvard que se convirti√≥ en multimillonario gracias al coronavirus https://t.co/ZPwrPHTftR https://t.co/cLEW2eMJlT
136,NEGATIVO,INCORRECTO,"Al tomar las gotas del  Aceite de Cannabis Medicinal, podr√≠¬≠an reducir el riesgo de contraer #coronavirus #ACEITEDECANNABIS #ACEITECBD Ya lo puedes encontrar en Ecuador Informaci√≥n  0986225855 Env√≠¬≠os a nivel nacional Entrega a domicilio . #CHRISMoraDistribuidor https://t.co/gb0Fa606wd"
137,NEUTRO,CORRECTO,"5 ejercicios d respiraci√≥n para dormir mejor La respiraci√≥n es nuestra principal fuente de nutrici√≥n, pues nos aporta ox√≠geno y nos ayuda a la regeneraci√≥n celular, a expulsar toxinas, a mejorar el #insomnio y a bajar los niveles de #estr√©s https://t.co/E52eVktjOh"
138,NEUTRO,CORRECTO,"En estos momentos de crisis, es importante recurrir a fuentes oficiales que nos permmitan tener informaci√≥n verificada. No demos cabida a las #FakeNews. #RespuestaCOVID√£∆í¬º19 #coronavirus #RespuestaFeminista #CuidaAQuienTeCuida #IgualdadDeG√©nero https://t.co/mY4IHFDJLL"
139,NEUTRO,INCORRECTO,"Diario Expreso (@Expresoec) informa que tras los ex√°menes realizados al personal del Emelec, hay 5 personas con #Covid19. Nota: ¬èhttps://t.co/mj8hS0QZUH https://t.co/QvKhGVIE01"
140,NEUTRO,INCORRECTO,Millones destinados a la ayuda del coronavirus palestino canalizada a grupos vinculados al terrorismo - Unidos https://t.co/mUx8I2qUt7 a trav√©s de @unidosxisrael
141,NEUTRO,INCORRECTO,"Baja la demanda de streaming pero aumenta el engagement de las plataformas. El confinamiento  aument√° la fidelizaci√≥n de los usuarios a estas plataformas Netflix, YouTube, Hulu, Amazon Prime y Disney+ acaparan el 80% del consumo en plataformas de v√≠deo https://t.co/VdAoP9IcK0"
142,NEUTRO,INCORRECTO,¬°Es definitivo! Dejaremos el local de la 10 de Agosto y atenderemos en nuestras oficinas o a trav√©s de env√≠¬≠os Informaremos oportunamente la apertura del nuevo local. Nuestro compromiso permanente ese servirles #Quito  #pandemia #coronavirus #Covid_19 #Ecuador #COVID19 https://t.co/Kg2yTqubVK
143,NEUTRO,CORRECTO,Como funciona la terapia g√©nica probada en Wuhan contra el coronavirus.  https://t.co/jWVYIxJ9WQ https://t.co/TwgCmBeJl9
144,NEUTRO,INCORRECTO,"""Neil Ferguson el que jodio al mundo con su modelo matematico fallido que alarmo con millones de muertes por #COVID19 dice, Es probable que hasta dos tercios de las personas que mueren por coronavirus hayan muerto este a√±o de todas maneras por otras causas https://t.co/vT0MHLOVQm https://t.co/A81ikobpHC"""
145,NEGATIVO,CORRECTO,"""Los municipios deber√≠an asumir la competencia de la salud"" https://t.co/7a7PHAbprm"
146,POSITIVO,INCORRECTO,@gmfloresv @PUCE_Ecuador Mmm creo que algo similar ser√≠a albergar al coronavirus.
147,NEUTRO,INCORRECTO,"#CIENCIA | Un centro de investigaci√≥n estatal de virolog√≠a y biotecnolog√≠a de Rusia, ha desarrollado una vacuna contra el coronavirus que podr√° ser administrada por v√≠¬≠a nasal."
148,NEGATIVO,CORRECTO,"Presentamos nuestro especial ""Migrantes en peligro"" - Previsiones noticiosas de hoy  https://t.co/shzmjyPwSR https://t.co/KtOv2oQF7Y"
149,POSITIVO,CORRECTO,@telenueveC9 @gabyzagordo Bloquear garajes / cocheras contribuye al aumento del contagio del coronavirus. https://t.co/inPpy5G2Ww
150,NEGATIVO,INCORRECTO,"Coronavirus: Qu√© es un virus end√©mico, en lo que se podr√≠a convertir el que causa la covid-19 (y qu√© ejemplos hay en el mundo) | ElUniverso https://t.co/rVY05jwOZS https://t.co/gMocSB6ykd"
151,POSITIVO,INCORRECTO,"Cifras de #CoronavirusEnEcuador de este 5 de junio de 2020, seg√∫n reporte oficial  https://t.co/d7oOqRqNHF https://t.co/dX4nJZ5tPW"
152,POSITIVO,INCORRECTO,unior de Barranquilla no respalda al DT Julio Comesa√±a en recurso de amparo contra gobierno colombiano https://t.co/dizecZnLb1 https://t.co/bUiMCvARnW
153,NEGATIVO,INCORRECTO,"#F√∫tbolEC @elnacionalec es otro de los clubes que tambi√©n hizo pruebas de ""coronavirus"" a sus jugadores  https://t.co/8qw3E4u8kO, https://t.co/444R5r9jA5"
154,NEUTRO,CORRECTO,"Coronavirus: Nadie perder√° este a√±o lectivo, dice ministra de Educaci√≥n Monserrat Creamer | ElUniverso https://t.co/WLx7r5NcMi https://t.co/Ex5uazTeKN"
155,POSITIVO,INCORRECTO,"Coronavirus en Venezuela: los informes que advierten que la pandemia es una ""bomba de tiempo"" en el pa√≠¬≠s sudamericano https://t.co/SMF2B022Ja"
156,NEGATIVO,CORRECTO,"Gracias por la gran acogida y colaboraci√≥n de colegas y amigos, esta vez realizando en modalidad on line un seminario Ao de Trauma @HospitaldelRio @AOSpine_Latam @AOSpine #spine #trauma #coronavirus https://t.co/SbymIXXhor"
157,NEUTRO,INCORRECTO,#CoronavirusenEcuador: Chone decide paso a sem√°foro amarillo desde el 3 de junio. https://t.co/vCyN7UJ5GC https://t.co/6AuFLlVZUf
158,NEGATIVO,INCORRECTO,"El hacer uso de equipo de protecci√≥n personal contra el coronavirus no significa que se tenga perder el estilo. As√≠ lo demostr√≥ Lady Gaga, quien presumi√≥ su cubrebocas rosa y con p√∫as, en su cuenta de Instagram / Infobae https://t.co/2YnKGX5aUe"
159,NEUTRO,CORRECTO,"#TelediarioEC | El Alcalde de #Quito, Jorge Yunda, anunci√≥ una nueva adquisici√≥n de 100 mil pruebas PCR para la detecci√≥n de #coronavirus, y asegur√≥ que se incrementar√°n los test en varios sectores de la capital. https://t.co/WCDrQSth8g"
160,NEGATIVO,CORRECTO,"Esta ma√±ana, la CTE #Azuay realiza controles de transporte p√∫blico interparroquial en la v√≠a #Cuenca-Tarqui-Gir√≥n. Se verifica bioseguridad de pasajeros, pasajes y condiciones tecnomec√°nicas de los buses. Informa: @emoscoso73.#Noticias #Ecuador #Coronavirus https://t.co/c2XYU0Fkk2"
161,NEGATIVO,INCORRECTO,Ecuador reanudar√° los vuelos locales y algunos internacionales el 1 de junio. Vea lo que se informa sobre los pa√≠¬≠ses con un alto contagio de coronavirus: https://t.co/u8U3WOAjFB
162,POSITIVO,INCORRECTO,Tienen hasta el 30 de junio para hacer el tr√°mite. La informaci√≥n sobre el patrimonio debe ponerse al d√≠¬≠a cada dos a√±os. https://t.co/0befBGHWtR
163,NEUTRO,INCORRECTO,@Lenin El dolor que caus√≥ el coronavirus es poco COMPARADO A LA INDIGNACI√ìN DE VER C√ìMO TU GOBIERNO NOS ROBA LOS RECURSOS MIENTRAS MUERE TANTA GENTE. # INEPTO
164,NEGATIVO,CORRECTO,"Estimados amigos, ma√±ana vamos a conversar un poco sobre coronavirus en el noticiero de las 6 am de Ecuavisa. Ser√° en vivo, as√≠ que pondr√° a prueba la fobia que tengo de hablar en p√∫blico"
165,NEUTRO,INCORRECTO,El rebrote del que hablaba Illa: Cuenca registra 20 nuevos casos y un fallecido por coronavirus del jueves al viernes https://t.co/xEmIeQUChB
166,NEUTRO,CORRECTO,Tres carpas de triaje para coronavirus se instalar√°n en los ingresos a Guayaquil. https://t.co/vzp1gMJFmK https://t.co/yeaGObZ23I
167,NEGATIVO,CORRECTO,@drfrosero @UTEoficial Utilizo Covid o coronavirus en general en posts y webinars para dejar a lado el tecnicismo y llegar a una audiencia m√°s amplia. No todos mis seguidores son del √°rea de ciencia.
168,POSITIVO,INCORRECTO,"#LaSemana Coronavirus: Nadie perder√° este a√±o lectivo, dice ministra de Educaci√≥n Monserrat Creamer | ElUniverso https://t.co/WLx7r5NcMi https://t.co/QPsev8Xu5O"
169,NEUTRO,INCORRECTO,"Esta por empezar UCSG NOTICIAS segunda emisi√≥n. Hoy nos acompa√±ara la nutricionista Gabriela F√©lix, que nos hablara sobre la alimentaci√≥n en tiempos de coronavirus. Conectate por nuestro dial 1190 AM o a traves de la p√°gina web https://t.co/KmifSu7mXX https://t.co/NAnKQiZ6Nr"
170,NEGATIVO,CORRECTO,"Grandes contaminantes quieren aprovechar la #COVID19 para acabar con la ambici√≥n clim√°tica pero @vonderleyen, @Lagarde y @Regsprecher pueden impulsar un plan de recuperaci√≥n verde post-coronavirus e inspirar al mundo. ¬°√∫nete y RT! #GreenCoronaRecovery https://t.co/t9amUlffZm "
171,NEGATIVO,INCORRECTO,"La medida iniciar√° el 3 de junio. Ese d√≠¬≠a, #Quito pasar√° a sem√°foro amarillo en la movilidad de sus ciudadanos. https://t.co/HaLldwoHgN"
172,NEGATIVO,INCORRECTO,Los Asambleistas que para la ni√±ez y juventud s√≥lo son un p√©simo ejemplo tienen Plan de Celular e Internet GRATIS y los profesores que si educan y gu√É¬≠an pasan penurias. Me duele mi #Ecuador las injusticias. #coronavirus #cuarentena #EducacionEnCrisis https://t.co/yNZukoislz
173,NEUTRO,CORRECTO,"Salvador Illa, sobre el 8M: ""Podr√≠¬≠a ense√±ar informes de la consejer√≠a de Madrid autorizando a hacer actividad normal pero no voy a tener el mal gusto de exhibirlos"" https://t.co/QXRkQJwMKg a trav√©s de @eldiarioes"
174,NEGATIVO,CORRECTO,Quien mas opina lo mismo? ‚Äö #actriz #cuarentenachallenge #cuarentena #coronavirus #guayaquil #ecuador #tiktok #ecuatoriana #tiktoker #amore #modelos #guayaquile√±a #presentadora #animadora #7 en Cuarentena https://t.co/2tjft0Zokd
175,POSITIVO,CORRECTO,La #pandemia a ayudado a cambiar la din√°mica de las ciudades para hacerlas m√°s habitables - Mira la entrevista con Claudia Gonz√°lez de la @utpl - https://t.co/o84KyoXfrB https://t.co/Yj1eWBIBwr
176,NEGATIVO,INCORRECTO,M√°s de 6 millones de casos de coronavirus declarados en el mundo - https://t.co/zgwznnME6W https://t.co/zO2FASh13y
177,POSITIVO,INCORRECTO,¬øQui√©nes son los supercontagiadores del coronavirus COVID-19? https://t.co/qm1PFmy66t
178,POSITIVO,CORRECTO,"Las 107 √Åreas verdes de #Portoviejo reciben mantenimiento durante la emergencia sanitaria por el coronavirus #Covid19. ""Est√°n listas para cuando podamos volver"", se inform√≥ desde Portoparques https://t.co/zx3IS9er2G https://t.co/TJADPbNq3T"
179,POSITIVO,INCORRECTO,Sin comentarios! #Ecuador #AngelaMerkel #TuiteandoComoLenin #Coronavirus https://t.co/7g5scRHJyL
180,NEGATIVO,CORRECTO,"La gente cree que el tapabocas es as√≠ como La Capa de Invisibilidad de Harry Potter, pero que te hace inmune al coronavirus... y no."
181,NEUTRO,CORRECTO,El amonio cuaternario debe ser usado solo sobre objetos y superficies https://t.co/zR2nljJo7i
182,NEUTRO,CORRECTO,"Ma√±ana trataremos 2 temas: ¬øCual es el plan para reactivar el #turismo? ¬øQu√© va a pasar con el recorte al presupuesto de las universidades? Junto a nuestros invitados el Ing. Jorge Mora y el Ab. H√©ctor Vanegas Fern√°ndez, Mgs. #coronavirus #lenin #cuarentena #EcuadorEnCrisis https://t.co/SM3cLUfgS8"
183,NEUTRO,CORRECTO,Coronavirus: las lecciones que podemos aprender de Asia para prepararnos para una segunda ola del covid-19 https://t.co/ybHDfF62pV
184,NEUTRO,INCORRECTO,Manta quiere evitar contagios comunitarios y realiza pruebas PCR de covid-19 en diferentes sectores de la ciudad.  https://t.co/M9KRm926aA https://t.co/ShmvlpscyU
185,NEUTRO,INCORRECTO,#PREFECTURA DE LOS R√çOS ENTREGA MEDICINA #GRATUITA PARA PACIENTES DE POSITIVOS DE #CORONAVIRUS. Llama ahora!! - #TeranPrefecto https://t.co/1TiOBLcyFa
186,POSITIVO,CORRECTO,"#ECUADOR, | #CORONAVIRUS M√°s de 37 mil llamadas relacionadas con #borrachos ha recibido el #ECU_911 durante la #emergencia. https://t.co/MfoBAiYqpg"
187,NEUTRO,INCORRECTO,Coronavirus en Ecuador: Las reglas de la semaforizaci√≥n se relajan https://t.co/zp7woJkQwp
188,POSITIVO,CORRECTO,"El coronavirus es como una suegra. Sabes que anda por ah√≠¬≠, la respetas, y haces todo para evitarla."
189,NEUTRO,INCORRECTO,https://t.co/uDs1bSLi4v DON ALFONSO UN PATRIMONIO DE LA LONGEVIDAD DEL ECUADOR EL CORONAVIRUS LE HUYE
190,NEUTRO,CORRECTO,"Cerca del 90% de contagiados de coronavirus ha superado la enfermedad, dice el Ministro de Salud  https://t.co/cozN7yjvI3 https://t.co/zPzoqFjKez"
191,POSITIVO,CORRECTO,"Lamentablemente, muere el m√°s vulnerable y no el m√°s idiota. #coronavirus"""
192,NEGATIVO,CORRECTO,"#ATENCI√ìN | El n√∫mero de fallecidos por coronavirus ascendi√≥ a 3.334 en Ecuador, donde la cifra de contagios confirmados totaliza 38.571, es decir 100 casos en las √∫ltimas 24 horas. 2.129 fallecidos probables por COVID-19. En Tungurahua hay 68 muertos y 454 contagios. https://t.co/NYdpBmE7J7"
193,POSITIVO,CORRECTO,"SOLO PERIODISMO... Coronavirus: El periodismo y los medios, m√°s necesarios que nunca https://t.co/3MHlCWAhPe"
194,NEUTRO,INCORRECTO,"Continuamos con la desinfecci√≥n de las paradas del #TransporteMunicipal, como medida de prevenci√≥n para mitigar el Coronavirus #DisciplinaParaVolver #Sem√°foroAmarilloEnQuito https://t.co/lk71APuO71"
195,NEGATIVO,INCORRECTO,"#Coronavirus | #ibarra #semaforoamarillo El proceso para las personas que normalmente usamos las mascarillas y guantes,  desde el distrito de salud se recomienda que se desinfecte estos desechos y sean colocados en una funda aparte"
196,NEUTRO,CORRECTO,"Con 113 a√±os, Mar√≠¬≠a Branya, en abril, fue diagnosticada con COVID-19. El √∫ltimo test que le realizaron indica que ha logrado superar el coronavirus.   https://t.co/qSbv7vNhny https://t.co/71ZAtZgQxU"
197,NEUTRO,CORRECTO,"Si no me muero de coronavirus, mis u√±as largas lo har√°n", es incre√≠ble como me lastimo sin querer. Pero primero muerta que sencilla
198,POSITIVO,INCORRECTO,"Entrevista a Dr. Roberto G√≥mez Mera en An√°lisis en Tiempos de Coronavirus Dr. Roberto G√≥mez Mera. Doctor en  Leyes, abogado de los Tribunales  Mira la entrevista completa en mi canal de YouTube #MarielaTv o haz click en el siguiente enlace https://t.co/ujxXVpKxyc https://t.co/p5YCTaophB"
199,NEGATIVO,INCORRECTO,Entrevista a Dr. Gustavo Medina L√≥pez en An√°lisis en Tiempos de Coronavirus Dr. Gustavo Medina L√≥pez. Lic. en Derecho y Doctorado en Jurisprudencia. Mira la entrevista en mi canal de YouTube #MarielaTv o haz click en el siguiente enlace https://t.co/Sqes9nFraH https://t.co/1NJRJHQywF
200,NEUTRO,CORRECTO,ya me los imagino para hallowen con su disfraz del coronavirus y el 31 de diciembre con sus monigotes del coronavirus tambi√©n jajajajaj
201,NEUTRO,INCORRECTO,"#Atencion los bucaram daran una rueda de prensa este domingo sobre los actos de corrupcion del cual se les acusa.. ""que cara dura estos miserables,quedaran en ridiculo"" fuente coronavirus ecuador noticias"
202,POSITIVO,INCORRECTO,El Hotel Mansi√≥n Alc√°zar de Cuenca hizo oficial que ya no funcionar√° su establecimiento ante la situaci√≥n generada por el coronavirus. https://t.co/3TxBSJuMp2
203,NEGATIVO,CORRECTO,BBC News Mundo - Coronavirus: Corea del Sur cierra cientos de escuelas reci√©n abiertas tras nuevos brotes de covid-19 https://t.co/D6C3nMPSfC @sol_bra
204,NEGATIVO,CORRECTO,Gracias por tu mensaje querido @montanertwiter seguro nos veremos pronto ! Ecuador espera por tus shows ¬ª #LaBrujaEc @TOPSHOWSECUADOR #conciertos #coronavirus https://t.co/8YGvfBw3ss
205,NEUTRO,INCORRECTO,Linda tarde para todos un poco de lectura no viene mal  #guayaquil  #ecuador  #happy  #2020 #coronavirus https://t.co/u40Ced4pJa
206,NEGATIVO,INCORRECTO,"As√≠¬≠ qued√≥ la entrada de la sede de @teleamazonasec #Guayauil, a causa de una explosi√≥n registrada la madrugada de hoy. Se presume que se utiliz√≥ un cuarto de dinamita con una mecha de 30 cm. Fuente y video: @LaPosta_Ecu #Noticias #Ecuador #Coronavirus https://t.co/soYhsBRMGb"
207,NEGATIVO,INCORRECTO,Coronavirus: Martin Scorsese hizo un corto sobre su confinamiento y lo estrenar√° la BBC https://t.co/L1YT2pYFXA
208,POSITIVO,INCORRECTO,"Brasil se convirti√° este s√°bado en el cuarto pa√≠¬≠s con m√°s muertos por el nuevo coronavirus al registrar 28.834 fallecidos, con lo que desplaz√≥ a Francia (28.771), inform√≥ el ministerio de Salud #AFP https://t.co/Zk1OkdV6oS"
209,POSITIVO,CORRECTO,La Premier no registra positivos en coronavirus tras √∫ltimas pruebas https://t.co/QBaLerJysM
210,NEUTRO,CORRECTO,"La #LigaPro y los equipos deben ejecutar con eficiencia los protocolos sanitarios, definir el sistema de juego y evitar afectaciones econ√≥micas.  https://t.co/GEqAtllnia"
211,NEUTRO,CORRECTO,Los ts√°chilas de dos comunas son evaluados tras confirmarse casos con covid-19 https://t.co/e1MqOoinsq
212,NEUTRO,INCORRECTO,"#Ecuador: ""Aucas confirm√≥ el primer caso positivo de coronavirus en un empleado de club https://t.co/POGVNYHucQ"" https://t.co/g7amXkO9Re"
213,NEGATIVO,INCORRECTO,Las lecciones que podemos aprender de Asia para prepararnos para una segunda ola del coronavirus https://t.co/VE2leznBeM
214,POSITIVO,INCORRECTO,"La OMS y Francia frenaron el uso de la hidroxicloroquina para tratar la COVID-19. Mientras, Donald Trump y Brasil la promueven como tratamiento. ¬øQu√© se sabe de esta mol√©cula para combatir el coronavirus?¬è https://t.co/TOeyFik5Js"
215,NEUTRO,CORRECTO,"Fort Lauderdale y Miami ser√°n las primeras rutas internacionales que se reabrir√°n una vez que los aeropuertos retomen en junio los vuelos regulares de pasajeros, que estuvieron m√°s de dos meses suspendidos por la pandemia del coronavirus. https://t.co/cikPnfEp9p"
216,NEUTRO,CORRECTO,"#StarWars aplaza lanzamiento de La Alta Rep√∫blica por #coronavirus Debido a la crisis sanitaria mundial provocada por la pandemia del coronavirus, la publicaci√≥n de los libros de la primera fase se editar√° finalmente en enero de 2021. #LaBrujaEc https://t.co/f5itPF95dp"
217,NEUTRO,CORRECTO,"29/05/2020 (por Pepito G.): ""Coronavirus (COVID-19, SARS-CoV-2): ACB, Macro Final (Twelve) de 12 Equipos"" https://t.co/d00oUiH8tF @mbegoibiza @FreddyEnguita @adejuanas @DCuadrado70 @canopan_teresa @cajoan @GonPerezC @Aitor_Arroyo_ @vane39671236 @Sergiosket @Montsemonsalve"
218,NEUTRO,CORRECTO,9 consejos para salir a la calle de manera segura y reducir el riesgo de contagiarte por coronavirus a medida que avanza la desescalada https://t.co/h4NiPedT3p
219,NEGATIVO,CORRECTO,@MarioParrales7 @paomorejon @MaiadelC @AndresJ777 @MashiRafael @dorissoliz @compaiRENE @virgiliohernand @marcelaholguin Ser√≠¬≠a bueno q esta Sra. q esta indignada haga meter preso al Sr. Kalcker ya que el es quien esta difundiendo la cura del CORONAVIRUS!!  Porque no lo hace ya que alla no es un pa√≠¬≠s tercermundista y de pronto lo consigue.
220,POSITIVO,INCORRECTO,@UnnaTuitera @FranklinJoseAS El de regreso al Futuro as√≠ voy a Wuhan e impidi√≥ que el Coronavirus se propague
221,NEGATIVO,CORRECTO,@GladysNadales2 @Luisfelca1 @jguaido @AsambleaVE Busque oficio usted se√±ora que tiene pinta que no va matricular pa el 2021 hablando vainas que no sabe usted busque manera de que no la mate el coronavirus
222,NEUTRO,INCORRECTO,El sector sur aglomera la mayor cantidad de casos de levantamientos en #Quito. Hay 41 cad√°veres encontrados en v√≠¬≠as y domicilios. https://t.co/AVLaORHugm
223,POSITIVO,CORRECTO,"Regresa @LaLiga blindada contra el coronavirus 
https://t.co/wjodSA2EP8"
224,NEUTRO,INCORRECTO,El coronavirus viendo como a Machala le vale v y siguen saliendo sin mascarilla y sin respetar el distanciamiento https://t.co/tduhqZauSK
225,POSITIVO,CORRECTO,"Alejandro Lerner present√≥ una versi√≥n especial de su tema Cambiar el mundo en 11 idiomas diferentes. La canci√≥n forma parte de un proyecto del cantante y es a beneficio de M√©dicos Sin Fronteras, para financiar la respuesta a la pandemia de coronavirus / Infobae https://t.co/2TSlJkhIa4"
226,NEUTRO,INCORRECTO,Adem√°s se conoci√≥ que 2 miembros de utiler√≠¬≠a y 1 de cancha tambi√©n han sido afectados por el #coronavirus
227,POSITIVO,INCORRECTO,"Ecuador ejecuta un plan para impulsar plataformas tur√≠sticas conjuntas con los pa√≠¬≠ses de la regi√≥n para rescatar todo perdido durante la pandemia del coronavirus, y que puede llegar a costarle al pa√≠s miles de millones de d√≥lares. Ver m√°s en https://t.co/yWRulEpDJZ https://t.co/prU9lUkAb8"
228,POSITIVO,CORRECTO,Estas pruebas permitir√°n contar con un diagn√≥stico de anticuerpos del personal que ha estado en contacto con personas sospechosas o confirmadas de #Covid_19:https://t.co/HRKhNTALQf https://t.co/2sHSIJTst4
229,NEGATIVO,CORRECTO,Descienden el n√∫mero de contagios por coronavirus en la provincia de Cuenca https://t.co/msw6uRHmEk
230,POSITIVO,INCORRECTO,"Ms relajo, ahora en los pa√≠¬≠ses que dijeron estar fortalecidos contra protestas de la """"brisa bolivariana"""", ahora les lleg√≥ su hora. El coronavirus debe estar bien campante en estos pa√≠ses. https://t.co/3UvuzCSBh8"
231,NEGATIVO,INCORRECTO,"Mi t√≠¬≠o Guillermo Arosemena Arosemena, de intelecto como muy pocos, dando testimonio del poder de la oraci√≥n. https://t.co/y9LvhKKaWZ #OremosJuntos #coronavirus"
232,NEUTRO,INCORRECTO,"Mira puerco #Temblor, ac√° aceptamos m√°ximo 3 desgracias por mes, y ya tenemos a los Correistas, el Coronavirus y a los idiotas que no respetan el Toque de Queda. Gracias!"
233,POSITIVO,CORRECTO,"Lenin Moreno: ""Voy a #Guayaquil a transformar el miedo en valent√≠¬≠a y si regreso con Coronavirus, regreso contento igual"" #ElPeorPresidenteDeLaHistoria #ElPeorGobiernoDeLaHistoria @ottosonnenh @mariapaularomo @juanseroldan @normanwray @alexocles @IvanGrandaM @RupturaEc https://t.co/PqwFfwWGI9 https://t.co/stEBeW3oGj"
234,NEGATIVO,CORRECTO,#URGENTE 1066 casos confirmados de coronavirus en El Oro. 181 fallecidos por COVID-19 en la provincia. https://t.co/Hp6c0OkFSb
235,NEGATIVO,CORRECTO,desde que a mi pap√° le detectaron el virus ese siento que me va a dar a mi o que ya tengo y no s√© y siento que la otra semana que salga a hacer mis cosas me va a dar coronavirus y solo la idea de subirme al Colectrans ya me dio coronavirus
236,NEUTRO,INCORRECTO,"¬´La felicidad se puede encontrar hasta en los m√°s oscuros momentos, si somos capaces de usar bien la luz¬ª. J. K. ROWLING. #Covid_19 #coronavirus"
237,NEUTRO,INCORRECTO,"Much√≠¬≠simas Gracias por RT ""27/05/2020 (por Pepito G.): ""Coronavirus (COVID-19, SARS-CoV-2): @EuroLeague Cancelada (MVP, Quinteto)"" https://t.co/5vegAJDwb7√∞≈∏¬è‚Ç¨√∞≈∏¬è‚Ç¨""@DCuadrado70, que se conozcan los Datos. Salud-Salut-Sade-Gora zu (le√≠¬≠do Gora ssu)-Cheers-Prost-Kanpai√∞≈∏¬è‚Ç¨√∞≈∏¬è‚Ç¨√∞≈∏¬è‚Ç¨√∞≈∏¬è‚Ç¨√∞≈∏¬è‚Ç¨√∞≈∏¬è‚Ç¨"
238,POSITIVO,INCORRECTO,√öltima hora: Segundo rebrote del Coronavirus no va ha haber. Los pol√≠ticos se lo robaron
239,NEUTRO,INCORRECTO,No salvaron ninguna vida: el terrible diagn√≥stico de un Premio Nobel sobre la cuarentena por coronavirus https://t.co/znPY1GmX8o
240,NEUTRO,CORRECTO,"#ACTUALIDAD | La Comisi√≥n Interamericana de Derechos Humanos expres√≥ ""alarma"" por la propagaci√≥n del nuevo coronavirus en los pueblos ind√≠¬≠genas amaz√≥nicos de Ecuador."
241,NEUTRO,INCORRECTO,"El Concejo Cantonal hoy, 30 de mayo, aprob√≥ la Ordenanza para Promoci√≥n y Fortalecimiento de la Movilidad Activa en el cant√≥n #Cuenca. Fuente: @MunicipioCuenca #Noticias #Ecuador #Coronavirus https://t.co/OQMw5Vu9s4"
242,NEUTRO,CORRECTO,Debido al desempleo se han abierto muchos negocios de venta de comida a domicilio que se manejan por redes sociales. https://t.co/hG9yQBI9c4
243,NEUTRO,INCORRECTO,"Dialogando con unas amigas de formas de hacerles entender a todos que -LOS ANIMALES DE COMPA√ë√ç¬çA NO CONTAGIAN #coronavirus, QUE POR FAVOR NO LOS ABANDONEN https://t.co/guKym4npRs"
244,NEGATIVO,INCORRECTO,Pero se robaron la plata  hasta en comprar bolsas para muertos. Cu√°l es la persona de este r√©gimen que sea sano e inteligente para organizar y luchar con hechos contra el coronavirus. 3 a√±os dedicados a desfalcar y luchar contra el fantasma Rafael.@EcuaPoll https://t.co/Dfjx7lXtY6
245,NEUTRO,INCORRECTO,Festival de cine global busca acortar distancias por coronavirus - Infobae https://t.co/kSoAlJQE9t
246,POSITIVO,INCORRECTO,"Tres internos de este recinto penitenciario han sido hospitalizados, pero que los otros dos no tienen s√≠¬≠ntomas relacionados con #Coronavirus: https://t.co/cPUhrMjwGl https://t.co/DIs2CeHmJB"
247,NEUTRO,INCORRECTO,"Qu√© lecciones nos dej√≥ la ""peor pandemia de finales del siglo XX"" para hacer frente al coronavirus https://t.co/yj6q57UHks"
248,NEGATIVO,CORRECTO,"C√≥mo terminaron las epidemias de SARS y MERS, otros coronavirus para los que no hay vacuna https://t.co/gL36gG9XmI"
249,NEUTRO,CORRECTO,"Adem√°s de los datos globales de la pandemia, el COE inform√≥ que #Guayas sigue siendo la provincia con la mayor√≠a de casos, agrupando el 46,6% de los mismos. Luego, en el orden de cantidad de casos, siguen #Pichincha, #Manab√≠ y #LosR√≠¬≠os. ¬ª https://t.co/nx6rjGOprH #Covid_19 https://t.co/rVbxb4yA8X"
250,NEUTRO,INCORRECTO,El Alcalde #JorgeYunda se realiz√≥ una prueba PCR para identificar la presencia del #coronavirus en su sistema inmunol√≥gico. Esta muestra es la m√°s fiable de todas y sus resultados tienen un 100% de eficiencia. Detalles en: https://t.co/yrbw2Uxt9f https://t.co/owadUOWcKu
251,NEUTRO,CORRECTO,#FCSalzburg primer t√≠tulo nacional en Europa tras el par√≥n forzoso por la #pandemia del #Coronavirus. M√≠ralo aqu√≠ https://t.co/9hQNRUDtnC
252,NEUTRO,INCORRECTO,Esta es la situaci√≥n de los casos de coronavirus en las c√°rceles del pa√≠s seg√∫n la SNAI. https://t.co/YkQQkVLgFb
253,NEGATIVO,CORRECTO,"14 d√≠¬≠as despu√©s de las manifestaciones del barrio Salamanca, grave rebrote del coronavirus en Madrid: 1.567 nuevos contagios https://t.co/zgFuzf6tDy Cacelolos, pijofachas, Cayetanos y dem√°s par√°sitos fascistas, ahora que os atiendan, pero en la c√°rcel"
254,NEUTRO,INCORRECTO,"Con el üö¶ amarillo, voy mejor protegido. #coronavirus #Covid_19 #Guayaquil #semaforoamarillo #SemaforoEc #semaforogye https://t.co/CMNcWh6gGH"
255,POSITIVO,CORRECTO,M√°s webcam. El coronavirus ha borrado de las calles y recluido en pisos y clubes con la persiana echada a miles de prostitutas. Est√°n ahogadas de deudas tras dos meses en blanco y obligadas a reinventarse para comer  https://t.co/RTBaoPTrxb
256,NEUTRO,INCORRECTO,"@danielpesantes que en mi epitafio diga: el que no conoce el poder de la lechuza, a cualquier coronavirus le reza jajajaja."
257,POSITIVO,INCORRECTO,"¬øC√≥mo sabes si puedes volver a realizar actividad f√≠sica luego de superar el #COVID-19 #coronavirus? Para evaluar tu capacidad funcional (si puedes caminar, cuanto puedes caminar) se realiza https://t.co/PDKRSNLKIV"
258,NEGATIVO,CORRECTO,Todos esos rateros que han robado a costa del dolor de muchos con el pretexto del #Covid_19 cuando sintieron el temblor han de haber temblado y pedido perd√≥n por sus pecados. Si se arrepienten talvez Dios los perdone pero ac√° pagar√°n tras las rejas. #Ecuador #SISMO #coronavirus
259,NEUTRO,INCORRECTO,"Halo solar #Guayaquil y as√≠ cerramos Mayo.... coronavirus, temblor y halo solar... que ser√° de junio en este 2020 https://t.co/Rc9AdStkZs"
260,NEGATIVO,INCORRECTO,#Coronavirus: La nueva disposici√≥n ser√° incluida en el Protocolo A√©reo que el COE prev√© aprobar esta tarde. https://t.co/RpSBlTUtdB
261,NEGATIVO,INCORRECTO,"Mientras la PCR tarda horas en realizar su diagn√≥stico del coronavirus, los test r√°pidos permiten tener un resultado en apenas 10-15 minutos https://t.co/7C72E5Uuot"
262,NEUTRO,INCORRECTO,#CoronavirusEnEcuador: El cant√≥n #Yaguachi cambiar√° de sem√°foro rojo a amarillo desde el 1 de junio aqui: https://t.co/nnVYO9SjLt https://t.co/vsY00QtIxC
263,NEUTRO,INCORRECTO,Imagen de personal m√©dico rezando en Tijuana se vuelve viral https://t.co/v6YCBBZzZv por @ntelevisa_com
264,NEGATIVO,CORRECTO,@Lenin El dolor que caus√≥ el coronavirus es poco COMPARADO A LA INDIGNACI√ìN DE VER C√ìMO TU GOBIERNO NOS ROBA LOS RECURSOS MIENTRAS MUERE TANTA GENTE. # INEPTO
265,NEUTRO,INCORRECTO,"#Emergencia #Coronavirus #Rojo Desde el lunes  01 de Junio en Santa Rosa los taxis y transporte mixto , pueden laborar cumpliendo todos los protocolos de bioseguridad Aclaramos que Fuera de nuestro cant√≥n , se acoger√°n a las regulaciones, disposiciones y sanciones https://t.co/lIraMy2yuK"
266,NEUTRO,INCORRECTO,El COE suspende la autorizaci√≥n a las actividades de ENTRENAMIENTO DEL DEPORTE en virtud de arbitrariedades y desacato...EL F√öTBOL SEGUIR√É¬Å ESPERANDO. #Coronavirus #QuedateEnCasa https://t.co/VMUCCDSJ4T
267,NEGATIVO,CORRECTO,Las universidades ecuatorianas intervinieron para realizar las pruebas PCR que diagnostican el nuevo coronavirus. ¬øC√≥mo se realiza este procedimiento? @lindaguaman nos lo explic√≥ en #CienciavsCovid https://t.co/Z9F8FZs3R7
268,NEGATIVO,INCORRECTO,Imbabura y Carchi suman 354 casos de coronavirus - Diario EL NORTE https://t.co/IoJ6Sd65Uk
269,NEGATIVO,CORRECTO,Todo lo injusto que fue la muerte de Floyd pero en serio est√°n protestando as√≠ en tiempo de coronavirus? Va a haber contagio masivo!
270,NEGATIVO,CORRECTO,"#M√°sLe√≠¬≠das: Al momento, la nueva funci√≥n de WhatsApp ha detectado m√°s de 850 noticias falsas. https://t.co/KVBPZs9UXR"
271,NEUTRO,INCORRECTO,1.043 casos positivos de COVID-19 registra la provincia Ts√°chilas 949 contagiados en el cant√≥n Santo Domingo 94 contagiados en La Concordia Hasta el momento existen 74 fallecidos por coronavirus y 20 decesos probables de la pandemia Fuente: COE https://t.co/Hyc0IZekQX https://t.co/jh6ZVrfGsf
272,NEUTRO,CORRECTO,"#Ecuador: ""40 cantones en amarillo se alistan para nuevas normas https://t.co/rKcbM91pHh"" https://t.co/bEKNpXPe6F"
273,NEUTRO,INCORRECTO,C√≥digo fuente abierto https://t.co/XY3Q6WGFNx
274,NEGATIVO,INCORRECTO,Ideas para viajar despu√©s del coronavirus por @directoriodemic https://t.co/iXqvh4D36U
275,NEUTRO,INCORRECTO,@AlfredoProao2 @MauricioFHG @CarlosVictorM @esantos1957 @zambrano_iz @diegooquendo @CleverJimenez69 @Lavecinatomas @PedroLlamo Este compa esta con Coronavirus
276,POSITIVO,INCORRECTO,"Coronavirus: Los tent√°culos del COVID, m√°s all√° del pulm√≥n https://t.co/bqZ0ADrNI1"
277,NEGATIVO,INCORRECTO,"Labores de contingencia de la Polic√≠¬≠a Nacional en el espacio p√∫blico, provoc√≥ que 36 de ellos se contagien de coronavirus en #Cuenca. #NoticiasUnsion https://t.co/0v913sLuwW"
278,POSITIVO,INCORRECTO,Josefina Coloma es una cient√ç¬≠fica ecuatoriana radicada en California. El resultado de su investigaci√ìn tambi√ân beneficia a Ecuador:¬è https://t.co/iQHEWCuMpX https://t.co/Dl0TQFsobZ
279,NEUTRO,INCORRECTO,"Seg√∫n Johns Hopkins coronavirus resource center, Ecuador ocupa el n√∫mero 24 a nivel global en n√∫mero de casos covid19, 4to en suramerica, con 100 casos reportados hasta el 29/05, y curva logar√≠tmica en aplanamiento @eluniversocom https://t.co/xRki7CpUqh"
280,NEGATIVO,CORRECTO,"Vivimos tiempos de transformaci√≥n. La contingencia por coronavirus trajo un nuevo paradigma  para la salud p√∫blica global y tambi√©n para la econom√≠¬≠a, los negocios y la vida cotidiana. ¬øC√≥mo se transformar√É¬°n los h√°bitos de consumo en la nueva normalidad? https://t.co/Dc15RH7aLA"
281,POSITIVO,INCORRECTO,"@rafaga_deluz Lo que veo, es que el coronavirus juega al pepo  ahi."
282,NEGATIVO,INCORRECTO,"¬øQuieres formar parte del mejor team de la historia? ¬ùSi tu respuesta es SI, puedes enviarnos un mensajito por privado para que podamos comunicarnos. #Ecuador #TrabajoSiHay  #trabajo #coronavirus #Crecemosjuntos https://t.co/u7Xn4GQcb1"
283,NEUTRO,INCORRECTO,"Desde mediados de abril hasta el 23 de mayo, Guayaquil ha aumentado de 15,5 a 35 casos por cada diez mil personas. Quito ha ido de 2,3 a 11,5 en el mismo per√≠¬≠odo. Lee el an√°lisis completo de @mjavierrod e @ivanduespin https://t.co/M9zcbqggh9"
284,NEUTRO,INCORRECTO,"""La CIDH, expresa su muestra d alarma por la propagaci√≥n d Covid-19 en pueblos ind√≠¬≠genas amaz√≥nicos del Ecuador Kichwa, Waorani, Achuar, Shuar, Siekopai y Shiwiar, ya q se reguistra 185 casos positivos, 10 fallecidos x covid -19 y 3 muertes sospechosas. https://t.co/mNt9F8N46n https://t.co/erKrs3otzy"""
285,NEUTRO,CORRECTO,"He vuelto al mismo peso con el que inici√≥ la Universidad!!! Nunca pens√© volver a pesar eso! Incluso nunca fue mi objetivo despu√©s de haber subido m√°s de 120 lbs, bajar tanto, lo m√°ximo que bajaba era hasta llegar a 113lbs.. Woow #Coronavirus que has causado en mi!"
286,POSITIVO,CORRECTO,Las protestas en #USA son registradas por los lentes de la misma ciudadan√≠a. El conflicto social se viraliza y es m√°s fuerte que el coronavirus. El Periodismo ciudadano ha registrado una realidad que supera la ficci√≥n. #EstadosUnidos https://t.co/DEQc9Scyed
287,NEUTRO,CORRECTO,@KamchatkaEc: El gobierno debe dejar la muletilla de que nadie estaba preparado. Un sistema de salud bien institucionalizado ha permitida
288,NEUTRO,INCORRECTO,"Iglesias dinamita la Comisi√≥n de Reconstrucci√≥n culpando al PP de la crisis sanitaria y acusando a Vox de golpista, por @mariano_alonsof https://t.co/CKp4xtadKx v√≠a @libertaddigital"
289,NEUTRO,CORRECTO,M√°s tecnolog√≠¬≠a y menos contacto humano: as√≠ ser√° la compra en el supermercado tras el coronavirus https://t.co/N0QhKw3cQU v√≠a @BIEspana
290,NEUTRO,INCORRECTO,Portoviejo continuar√° en sem√°foro rojo hasta mediados de junio pr√≥ximo https://t.co/ETgINgiSD4 https://t.co/KvAjEXsPPf
291,NEUTRO,INCORRECTO,"#Noticias #Pasaje La crisis sanitaria por el coronavirus causa estragos en la econom√≠a de la clase del volante pasajero y del pa√≠s por lo que, los dirigentes del Sindicato de Choferes Profesionales de Pasaje. Leer m√°s https://t.co/xROU3VwPAm https://t.co/CexvgpjGoR"
292,NEUTRO,INCORRECTO,.@BarcelonaSC informa que esta es la segunda prueba a las que se someten los jugadores la primera fue cuando se suspendieron los entrenamientos e inici√≥ la cuarentena: https://t.co/o0ovv04Xgd https://t.co/TQcQ8eGXcd
293,NEUTRO,CORRECTO,Situaci√≥n del #Covid_19 a nivel mundial. Los casos se acercan a los seis millones. #Coronavirus #QuedateEnCasa https://t.co/Lp1bhnKit1
294,NEUTRO,CORRECTO,"Casos de coronavirus en #Ecuador Hoy viernes 29 de mayo: 38571 confirmados, 3334 fallecidos https://t.co/0eWyE8L3yr"
295,POSITIVO,CORRECTO,"Los estudiantes de las carreras de Odontolog√≠a, Medicina y Enfermer√≠a deber√≠n rendir el examen de habilitaci√≥n profesional en julio. https://t.co/2GfGHBnll5"
296,POSITIVO,INCORRECTO,"@CarlosVerareal No es el Coronavirus, es la pandemia RC-20!!!!"
297,NEUTRO,CORRECTO,"@eluniversocom Pasaron 3 a√±os diciendo lo de la deuda con China... EL KARMA... LA TROMPA CASTIGA, as√≠ como los Gringos est√°n quemando CNN en Estados Unidos, as√≠ mismo ser√° aqu√≠¬≠ la venganza del pueblo. ESTA GENTE DEBE O MORIR DE CORONAVIRUS O RENUNCIAR Y LUEGO MORIR EN UNA C√Å¬ÅRCEL MATARON MILES"
298,NEUTRO,INCORRECTO,"La familia de la v√≠¬≠ctima de coronavirus que us√≥ el PP contra Illa estalla: ""Oportunista y de la m√°s remota vileza de una mente retorcida y sin escr√∫pulos"" via @El_Plural https://t.co/EjWPOpJCDU"
299,NEGATIVO,INCORRECTO,"Lo que aprend√≠ de esta cuarentena, el toque de queda, del coronavirus es a ser mas humilde y un poco menos vanidosa, ahora lo primordial es ayudar al pr√≥jimo!!!!"
300,POSITIVO,CORRECTO,#ECUADOR  N√∫mero de contagiados de #coronavirus de hoy en la provincia de #LosRios https://t.co/Ygn1Wsd6i6
301,NEGATIVO,CORRECTO,Les invito a que vean la entrevista que me hicieron en Forbes Magazine de c√≥mo un grupo de empresarios levantamos fondos para luchar contra el coronavirus en el Ecuador https://t.co/srmZgLJlS9
302,NEGATIVO,CORRECTO,Los pueblos ind√≠genas de la Amazonia ecuatoriana presentaron medidas cautelares contra el Estado ecuatoriano a fin de que se disponga atenci√≥n sanitaria a sus habitantes. Ya se reportan contagios y fallecimientos por #COVID19 https://t.co/TAQ6uPXXax V√≠a @ActualidadRT
303,NEUTRO,INCORRECTO,El ibuprofeno podr√≠a ser la respuesta al Coronavirus Parte 2 con la Dra.... https://t.co/Gn036GLoHS v√≠a @YouTube
304,NEGATIVO,CORRECTO,¬°Un trabajo en conjunto contra el coronavirus! En varios sectores de Manta se desplazan varias brigadas m√©dicas para realizar un mapeo en lugares estrat√©gicos de la ciudad. (1/2) https://t.co/yPxT3jJTtO
305,POSITIVO,CORRECTO,#F√∫tbolEC En @CSEmelec se contabilizan cinco casos de #coronavirus , https://t.co/xi8h9u3Fsi https://t.co/Y9QQrbOisi
306,NEUTRO,CORRECTO,Tiempos de pandemia!! #pandemia #covid_19 #covid-19 #coronavirus https://t.co/i4BIGKzye7
307,POSITIVO,CORRECTO,"Esto es, la emergencia sanitaria va primero", sin gente sana tampoco hay econom√≠a. El virus de la derecha https://t.co/LximxMxxAm #COVIDIOTS
308,NEGATIVO,CORRECTO,"A Manos siempre limpias, por tu salud y vida! Las manos son una de las principales fuentes de transmisi√≥n de enfermedades y en el caso del coronavirus la puerta de entrada en contacto con la nariz y boca. Identifica como lavarlas correctamente, salva tu vida. #DisciplinaParaVolver https://t.co/YuGA70g1FJ?"
309,NEUTRO,INCORRECTO,"La Facultad de Ingenier√≠a Qu√≠¬≠mica, invita a la segunda charla: ""Uso y abuso de desinfectantes en la era del coronavirus"" dictada por el Ing. Vicente Grijalva, el 1 de junio a las 17h00 ¬°No te la pierdas! Para mayor informaci√≥n: fiq.direccion.carrera@uce.edu.ec https://t.co/F3MdCG8zQT"
310,POSITIVO,CORRECTO,"Almada üá∫üáæ, ex DT #BSC üü°‚ö´Ô∏è confes√≥ que fue portador del coronavirus ""Todav√≠a no sabemos c√≥mo me contagie, puedo dar fe que no sal√≠ de mi casa. Esta enfermedad es tan traicionera y estamos aprendiendo cosas todos los d√≠as ""Gracias a Dios no tuve ning√∫n s√≠ntoma, dijo en R√©cord. https://t.co/8VW2WeVyyT"
311,NEUTRO,CORRECTO,Se lleva todo este #coronavirus https://t.co/HTMSaUzsBi
312,NEGATIVO,CORRECTO,"@Santos13Omar @jcarreraandrade @Erhydany @LoroHomero Es Psicolog√≠a, hay que leer un poquito y aprender a escribir, y por si no es entendido del tema las pruebas PCR toman tiempo (protocolos) no es como tomar la temperatura, yo estudi√© biolog√≠a y puedo opinar, ac√° le dejo como funciona el PCR y entienda slds. https://t.co/s7RYfdwfng"
313,NEUTRO,INCORRECTO,"DANNA GARC√çA MI HIJO SE EST√Å OLVIDANDO DE M√ç. La actriz colombiana Danna Garc√≠¬≠a, quien es portadora de coronavirus mediante facebook live respondia varias preguntas a sus fans, una de ellas fue sobre su hijo, https://t.co/d6OYJFV8yA"
314,NEUTRO,INCORRECTO,"Cero celular, cero redes sociales. Gran impacto el coronavirus üòÇ https://t.co/Q0MFjdvhY4"
315,NEUTRO,INCORRECTO,"Recuento: Enero incendios y posible 3ra guerra mundial Febrero: Coronavirus mundial Marzo: confinamiento Abril: meteorito en Guayaquil Mayo: protestas en EEUU por brutalidad policial (posibilidad de guerra civil) Junio: Tal parece, Anonymous Ni a Netflix se le hubiera ocurrido"
316,POSITIVO,INCORRECTO,Efecto coronavirus: los p√≠¬≠ses y los destinos que pagar√°n a los turistas para que los visiten - Infobae https://t.co/Mx90joxAqw
317,NEUTRO,INCORRECTO,Mushuc Runa no cuenta con casos positivos de coronavirus en la plantilla de sus¬†jugadores https://t.co/qn8VkgCtNM
318,POSITIVO,INCORRECTO,Dos de las cinco salvedades pedidas por Quito se aceptaron https://t.co/rVuxUoSUhp
319,NEUTRO,CORRECTO,"El mapa mundial del coronavirus: m√°s de 6,6 millones de casos y m√°s de 391.000 muertos en todo el mundo  https://t.co/vMBcpjPiKl https://t.co/QYKyJVVAE7"
320,NEUTRO,INCORRECTO,¬øDesean saber c√≥mo los diferentes pa√≠¬≠ses enfrentan el impacto del COVID19 en el mundo del trabajo y la protecci√≥n social? Miren este enlace de @OITAndina. @CamaraCIP @lacamaragye @prensaceosl @CEDOCUT @GomezlRichard @ibarraserrano  https://t.co/uWdULHzKTW
321,NEGATIVO,INCORRECTO,¬øQu√© pa√≠ses pagar√°n¬ù a turistas para que los visiten tras crisis por coronavirus? https://t.co/Z4Mn3iKKWP
322,POSITIVO,CORRECTO,El coronavirus cambia las reglas del juego para aficionados y profesionales https://t.co/nTseeX9sQ2
323,NEUTRO,INCORRECTO,Temblores Racismo CoronaVirus Desun√≠an Crisis econ√≥mica No s√© cu√°l de todas nos acabar√° primero
324,NEUTRO,INCORRECTO,Experto italiano explica el comportamiento del #coronavirus  https://t.co/JZ1Xj9XqY8
325,POSITIVO,INCORRECTO,"Ojal√° los libros de historia no se salten el paro (como en realidad fue), la represi√≥n policial y la ineficacia de los pol√≠ticos manejando el coronavirus. Por que mis clases de historia fueron re mediocres por lo menos hasta quinto curso (y en colegio privado)"
326,POSITIVO,INCORRECTO,19h00 Pabel Mu√±oz  Asambleista por RC  Tema: Pedido de Juicio pol√≠tico a Richard Mart√≠nez y allanamientos por sobreprecios @pabelml   19h30 Dr. Enrique Noboa   Director M√©dico de Bayer  Tema: ¬øQu√© tan cerca estamos de encontrar un tratamiento para el coronavirus?
327,POSITIVO,CORRECTO,"Te odio coronavirus, nos quitaste El corpus La semana santa Las fiestas de Cuenca Y un mont√≥n de cumplea√±os de panas"""
328,NEUTRO,CORRECTO,Va a resultar que muri√≥ de coronavirus. Hay que ser hijos de puta para manipular as√≠ #BlackLivesMatter https://t.co/DEvQMJNTxA
329,NEUTRO,CORRECTO,El an√°lisis de miles de animales destapa una enorme diversidad de estos virus en la naturaleza. https://t.co/Dg56ycwjay
330,NEGATIVO,CORRECTO,#Daule es el primer cant√≥n de la provincia del #Guayas en pasar a color verde del sistema de semaforizaci√≥n. La decisi√≥n se da luego de analizar los √∫ltimos datos de los casos de #coronavirus #SucreEnLaNoticia‚Äú¬ª https://t.co/Tt7QmUqudS
331,POSITIVO,CORRECTO,"#ATENCI√ìN | Ya hay seis millones de personas contagiadas de #Covid_19 en el mundo, seg√∫n informaci√≥n de @JohnsHopkins.#Coronavirus #Qu√©dateEnCasa https://t.co/Ernr3WFzCO"
332,POSITIVO,CORRECTO,AHORA. David Guetta desde Nueva York en concierto ben√©fico pro fondos contra coronavirus https://t.co/ikCKRCbSIm https://t.co/DDlyxlXDem
333,NEUTRO,CORRECTO,"En un mundo sin coronavirus, en este momento estar√≠¬≠a yendo a mis entrenamientos de boxeo, extra√±o los s√°bados de Sparring"""
334,POSITIVO,CORRECTO,"#Ecuador Jugadores y cuerpo t√©cnico adem√°s se hicieron las pruebas del coronavirus. En la jornada de este martes, se pudo conocer la vuelta de Emelec a las pr√°cticas en el complejo de Samanes. Los jugadores https://t.co/PR5JEb4z6u"
335,POSITIVO,CORRECTO,Estas son las cifras de #Covid_19 en #Ecuador y #Am√©ricaDelSur hasta este 27 de mayo de 2020. Detalles: https://t.co/yPjys0V0fQ https://t.co/BpovY2oAvN
336,NEUTRO,INCORRECTO,#Chile | El nuevo coronavirus dej√≥ a 814.000 personas sin ingresos formales https://t.co/yG7vLmPXsn
337,POSITIVO,CORRECTO,¬øC√≥mo explicarle a los ni√±os lo que sucede en el mundo debido al #coronavirus? Conozca la idea de una locutora quite√±a https://t.co/J5ZZvzTrnq https://t.co/Ed6Nh2wTe8
338,NEGATIVO,CORRECTO,"Un estudio de la Universidad de Harvard, difundido por la revista especializada The Lancet, concluy√≥ lo que la comunidad cient√≠fica tem√≠¬≠a: los pacientes que toman este f√°rmaco tienen una mayor tasa de mortalidad. https://t.co/YdYuvUEd6M #Covid_19 https://t.co/mvfTcvzglY"
339,NEGATIVO,CORRECTO,"Mayu, en este otro reportaje, tambi√©n habla de como la miner√≠¬≠a no se interrumpia a pesar de la cuarentena:   https://t.co/v96Hr5D2yq"
340,POSITIVO,INCORRECTO,Municipio habilita carpa para atender casos con s√≠¬≠ntomas de coronavirus en acceso a Guayaquil https://t.co/fOtGoL2xyb https://t.co/vKebEe7CYh
341,NEGATIVO,CORRECTO,"""#29May #SOSVenezuela @SecPompeo #QuedateEnTuCasa #coronavirus #Covid_19 #COVID19 ¬øPORQU√â SE COMENZARA A DISMINUIR LA CUARENTENA EN VENEZUELA? @ElNacionalWeb @ReutersVzla @AP_Noticias @Diego_Arria @ResisTemplario @CNNEE https://t.co/B7hUVMCl1q"""
342,NEUTRO,INCORRECTO,Fin del confinamiento por coronavirus: qu√© puedes hacer para evitar contagiarte de covid-19 en diferentes situaciones https://t.co/vVbc63OIME
343,NEUTRO,CORRECTO,[INFOGRAF√çAS] | #Quito pas√≥ a sem√°foro amarillo para reactivar parcialmente su sector productivo y dinamizar la econom√≠a. Revise las reglas que debe seguir. ¬ª https://t.co/rMSqUcUjd5
344,POSITIVO,INCORRECTO,"La educaci√≥n transforma vidas, ay√∫danos. El #Coronavirus est√° cambiando la forma en que se imparte la #educaci√≥n, la #escuela y el #hogar ser√°n uno, llevar la escuela a la casa es un enorme desaf√≠o en la equidad educativa (1/2) https://t.co/oEC49GVrh0"
345,POSITIVO,CORRECTO,"(VIDEO) Conoce al hombre que se viraliz√≥ a inicios de abril, mientras hablaba en ingl√©s y daba un mensaje a la ciudadan√É¬≠a sobre el coronavirus. Aqu√≠ su historia."
346,NEGATIVO,INCORRECTO,#ATENCI√ìN Mapa de casos detectados por provincia coronavirus en Ecuador. https://t.co/wkygL3odlN
347,NEUTRO,CORRECTO,#Coronavirus: Enfermeras de Guayaquil se desahogan con sus testimonios sobre la epidemia. El personal m√©dico dobl√≥ guardias y carg√≥ cad√°veres.
348,NEGATIVO,INCORRECTO,#Nacionales | Familiares de m√©dicos y enfermeras que han fallecido contagiados de Covid-19 en hospitales exigen al Estado ser indemnizados por da√±os y perjuicios. Los detalles https://t.co/L8ip7mcZ3S
349,NEUTRO,CORRECTO,"Estos son los pueblos que aspiran a ser Capital del Turismo Rural, el mejor revulsivo econ√≥mico en tiempo de coronavirus https://t.co/ht06anVILn a trav√©s de @elEconomistaes"
350,NEUTRO,CORRECTO,#COVID__19  #ECUADOR | Ascienden a 38.571 los contagiados y 5.463 fallecidos (entre confirmados y probables). En las √∫ltimas 24 horas se registraron 100 nuevos casos de #coronavirus #SucreEnLaNoticia https://t.co/wAVpqadkxS
351,POSITIVO,INCORRECTO,Coronavirus T-800 boceto https://t.co/0G78YmLVze
352,NEUTRO,CORRECTO,Una acci√≥n de protecci√≥n pretende obligar a las autoridades a la identificaci√≥n inmediata de los cuerpos de quienes han fallecido por #coronavirus y hasta ahora no han podido ser identificados. ¬ª https://t.co/LtOkJPHbol #COVID19
353,NEUTRO,CORRECTO,"@AlertaNews24 Coronavirus m√°s bomba lagrimogena, igual a?"
354,NEGATIVO,CORRECTO,"#Emergencia #Coronavirus #Rojo Desde el d√≠¬≠a lunes 01 rigen nuevas dispociones , los veh√≠¬≠culos particulares y motos  podr√°n circular 2 veces por semana de acuerdo al √∫ltimo n√∫mero de su placa. S√°bado y domingo Prohibido su circulaci√≥n, evite sanciones por favor. Ws 0967782701 https://t.co/AhS6zLo5do"
355,POSITIVO,INCORRECTO,Desde ma√±ana vuelven a abrir los aeropuertos del Ecuador... ¬øQui√©n quiere venir a pasar 15 d√≠as encerrados en un hotel y otros  15 d√≠as m√°s paseando o hasta incluso no salir hasta que no tenga Coronavirus?
356,POSITIVO,CORRECTO,La Pandemia de la Corrupci√≥n es peor!!El secreto a voces que el Coronavirus devel√≥!!! https://t.co/9o1zx13mMH
357,POSITIVO,CORRECTO,@CoronavirusNot4 El Ministerio de Salud del Ecuador lo public√≥ en su ewb https://t.co/T6emEncP5V https://t.co/dywf7jRHQo
358,POSITIVO,CORRECTO,"@eluniversocom Cada vez que sale esta noticia pasan 2 d√≠¬≠as y es """"nuevo foco de coronavirus"" Ya llegara, ojala me equivoque."""
359,NEGATIVO,INCORRECTO,El examen de habilitaci√≥n para carreras de medicina ser√° on-line https://t.co/TL8FKugl26
360,NEUTRO,INCORRECTO,"""[VIDEO] | Expertos no recomiendas tratamientos alternartivos para curar¬ù el #coronavirus. De hecho opinan que no tienen un sustento cient√≠fico y podr√≠¬≠an llegar a ser nocivos para la salud. ¬ª https://t.co/VTvXxnL1te #Covid_19"""
361,NEUTRO,INCORRECTO,"Director provincial del IESS en #Azuay asegura que, desde el martes 9 de junio se tendr√° un piso m√°s para cuidados intensivos, para pacientes con coronavirus. #NoticiasUnsion https://t.co/YSxQ6s96ro"
362,NEGATIVO,CORRECTO,Decir en voz alta creo que tengo Coronavirus por que me siento y toser...#creoqueresultaria https://t.co/tnTlcHHbGQ
363,NEGATIVO,CORRECTO,"No ten√≠a fuerzas, apenas pod√≠¬≠a caminar, se√±ala el DT del #Leicester tras superar el coronavirus https://t.co/E7gmiKP2Ff"
364,NEGATIVO,CORRECTO,"@RicardoFloresG No soy cient√≠¬≠fico pero por lo que he le√≠¬≠do del tema, el Coronavirus es de la familia de virus que m√°s f√°cilmente evolucionan o mutan hacia una nueva cepa, como la gripe, por eso no hay una vacuna √∫nica contra la gripe. El virus que se agot√≥ creo que fue el de la viruela"
365,POSITIVO,CORRECTO,"Si algo debemos ""agradecer"" al #coronavirus es q ha sacado a luz las verdaderas MASCARILLAS d estos corruptos, alguien tiene duda d q son delincuentes.? solo mire qui√©nes encabezan la lista: Morales Prefecto Guayas Pabon Prefecta Pichincha Yunda Alcalde Quito. Etc, etc"
366,NEGATIVO,CORRECTO,"La pandemia tambi√©n es ese morador irresponsable, que no s√≥lo deja sus porquer√É¬≠as por d√≥nde pasa. Sino que con su actitud da√±a a toda una comunidad. #coronavirus #Guayaquil #ASESINOS #irresponsabilidad #QuedateEnCasa https://t.co/yOpB4FtIsz"
367,NEUTRO,INCORRECTO,Atl√©tico Mineiro en su 3era prueba de Coronavirus present√≥ nuevos contagiados y uno de ellos es el ecuatoriano Juan Cazares que hab√≠a incumplido la cuarentena. #JuanitoCazares #ParaisoDeportivo https://t.co/jLR4FfGWLY
368,NEUTRO,CORRECTO,Nuevo coronavirus: ¬øDe qu√© sirve la cuarentena contra la pandemia? https://t.co/SeiNZEzsoO v√≠a @YouTube
369,NEUTRO,INCORRECTO,"Sigue estas instrucciones para evitar la contaminaci√≥n de tu hogar con el virus COVID-19 Define tres √°reas adjuntas, si es posible marca cada √°rea con cinta de color #coronavirus #covid19 #salud #higiene #normas #areas #medicina #quedatencasa https://t.co/4HkyPAWguE"
370,NEUTRO,INCORRECTO,"Muchas Gracias por RT 28/05/2020 (por Pepito G.): ""Coronavirus (COVID-19, SARS-CoV-2): @EuroLeague Cancelada (MVP, Equipos)"" https://t.co/m7BCb""@Higinio_Pulido @adejuanas @DCuadrado70 Salud-Salut-Sa√É¬∫de-Gora zu (le√≠¬≠do Gora ssu)-Cheers-Prost-S Kanpai."
371,NEUTRO,CORRECTO,#CoronavirusEnQuito: ¬øCu√°les son las parroquias con mayor contagios?  https://t.co/CsIrvDkKfi https://t.co/fgqU8k26bA
372,POSITIVO,INCORRECTO,El Gobierno no va ser nada hasta que @JorgeGlas se infecte y luego rogar que se muera para poder hecharle la culpa al coronavirus.. as√≠ claro se lo digo.. https://t.co/M9LwdzWHY3El Gobierno no va ser nada hasta que @JorgeGlas se infecte y luego rogar que se muera para poder hecharle la culpa al coronavirus.. as√≠ claro se lo digo.. https://t.co/M9LwdzWHY3
373,NEGATIVO,CORRECTO,Un derbi animar√° el reinicio | Regresa @LaLiga blindada contra el coronavirus https://t.co/jac4pnhN6b
374,NEGATIVO,CORRECTO,"INFORME | A trav√©s del #COEPichincha, presentamos los datos actualizados sobre la situaci√≥n del coronavirus (#COVID19) por parroqui¬èa #Qu√©dateEnTuCasa https://t.co/i1ZDpAey4p"
375,NEUTRO,CORRECTO,"@Vynylplayer Todo apunta a China para esparcir el Coronavirus al resto del mundo, mientras cerraron las fronteras al interior de China. Fue un ataque deliberado hacia las econom√≠as y pueblos occidentales."
376,POSITIVO,CORRECTO,"Extra√±o poder ejercer mi profesi√≥n como se debe, gracias coronavirus :("
377,NEUTRO,CORRECTO,"Laboramos bajo la modalidad de #TeletrabajoEc, en cumplimento a las medidas adoptadas por el Gobierno Nacional para evitar la propagaci√≥n del coronavirus en nuestra poblaci√≥n. Esc√≠¬≠benos al correo electr√≥nico napo@cne.gob.ec https://t.co/inRUExQVkf"
378,NEUTRO,CORRECTO,Spike Lee no piensa volver a los cines hasta que haya una vacuna contra el coronavirus https://t.co/GmBwwbRbpy https://t.co/KtZxhZzWr5
379,NEGATIVO,CORRECTO,Todav√≠a no hay evidencia confiable que soporte la seguridad de abrir las escuelas al momento actual. #coronavirus #COVID19 https://t.co/DaMXQoS6l6
380,NEUTRO,CORRECTO,"#Cuenca| Este a√±o el Corpus Christi o llamado Septenario, que se celebra cada junio en Cuenca, no tendr√° la tradicional feria de venta de dulces, debido a la emergencia sanitaria por el coronavirus o Covid-19. #MercurioEc https://t.co/B8iKjQLFX5"
381,NEGATIVO,CORRECTO,El ni√±o que habr√≠¬≠a predicho la pandemia de coronavirus habla sobre otra¬†catastrofe https://t.co/6Y7L5b0wHG
382,NEUTRO,CORRECTO,Directivo de Conmebol detalla la fecha en que terminar√≠a las copas Libertadores y Sudamericana 2020. https://t.co/G7AC9yyijb  #pandemia2020  #coronavirus https://t.co/vddwlcn23C
383,POSITIVO,CORRECTO,"Recomendaciones adaptadas a la realidad de nuestro pa√≠s para el manejo de pacientes con EM en el contexto de COVID-19, es el tema de nuestra √∫ltima publicaci√≥n. Ya disponible en la nueva edici√≥n de la @RevEcuatNeurol #Covid19 https://t.co/4UhCuWVCug https://t.co/L4XPQtVFPy"
384,NEUTRO,CORRECTO,"Samborond√≥n, que pas√≥ de sem√°foro rojo a amarillo el 18 de mayo, es el segundo cant√≥n de mayor prevalencia en el pa√≠s: hay 67 casos de coronavirus por cada 10 mil habitantes. https://t.co/M9zcbqggh9"
385,POSITIVO,INCORRECTO,Otro #Viernes encerrados. Alegr√≠as para los asociales y tortura para los extrovertidos #coronavirus https://t.co/gs9zVov9TH
386,NEUTRO,INCORRECTO,Farmac√©utica asegura que hay un 99% de probabilidades de que su vacuna del coronavirus sea un √©xito Revisa la informaci√≥n completa haciendo clic en el siguiente link => https://t.co/N8d8eUSCzF #Coronavirus #Vacuna #Covid https://t.co/QkS4EQE3di
387,NEUTRO,CORRECTO,#WVEenMedios ...@worldvisionec urge a l√≠¬≠deres nacionales y globales priorizar a la ni√±ez vulnerable para prevenir la escalada de violencia... #COVID19 #coronavirus #CoronavirusEcuador https://t.co/yrA2bWusdm
388,NEGATIVO,CORRECTO,"Aprovecha esta magn√≠fica promoci√≥n . . . P√°rale el carro al coronavirus... cuida tu salud, la de tu familia, la de tu personal y tus clientes  #prevencion #DistanciamientoSocial #COVID√£∆í¬º19 #FrenarLaCurva #coronavirus https://t.co/qdkyJnBYKz"
389,NEUTRO,INCORRECTO,Reporte oficial de casos de coronavirus en Ecuador difundido por las autoridades del Gobierno. https://t.co/mEKEgGiFzb https://t.co/uR59jRPNJi
390,NEGATIVO,INCORRECTO,"@MashiRafael Comparto.. 13 a√±os de delincuencia, corrupci√≥n de corbata,  narco tr√°fico, etc.. el coronavirus se queda en pa√±ales üôÅ"
391,POSITIVO,INCORRECTO,"#M√°sle√≠das: La medida contra la hidroxicloroquina no se aplica a la cloroquina, tambi√©n incluida en los ensayos cl√≠nicos de la OMS contra el coronavirus. https://t.co/lS0UojJ6pV"
392,NEUTRO,CORRECTO,"#ACTUALIDAD | El alcalde de Quito, Jorge Yunda, se pronunci√≥ respecto al allanamiento que la Fiscal√≠¬≠a realiz√≥ a las instalaciones del Municipio ante presuntos actos de corrupci√≥n en la adquisici√≥n de pruebas para el diagn√≥stico de coronavirus."
393,POSITIVO,CORRECTO,"A partir del lunes 1 de junio se reapertura el patio de comidas del mercado Central, √önicamente para llevar o atenci√≥n a domicilio. De este modo, se reactiva la actividad comercial en este espacio, que cerr√≥ sus puertas por la emergencia sanitaria del coronavirus Covid-19. https://t.co/SeZ6vpBsSV"
394,NEUTRO,INCORRECTO,#AmericaLatina | Chile super√≥ los 1.000 muertos por #coronavirus y roza los 100.0000 contagiados  https://t.co/coUPGHqBnp https://t.co/y8LvSeOydg
395,POSITIVO,INCORRECTO,#LatamChequea¬°#PILAS! El SARS-COV-2 es el nombre del virus causante de la enfermedad COVID-19. Los coronavirus son una extensa familia que pueden causar patolog√≠as en animales y seres humanos. #NoComasCuento y revisa: https://t.co/a7TOIqpAZV https://t.co/7O1pLEbyTW
396,NEUTRO,INCORRECTO,Australia enfureci√≥ a China al pedir una investigaci√≥n sobre el coronavirus ahora Beijing pone en la mira a sus¬†exportaciones https://t.co/3GEn7uruFR
397,NEUTRO,CORRECTO,creo que tengo coronavirus. guarden este tweet.
398,NEUTRO,INCORRECTO,"La buena voluntad no es la que salva. Hay que hacerlo bien. As√≠¬≠ que ya no regalen hidroxicloroquina, por Dios. https://t.co/TITRDi21Ab"
399,NEGATIVO,INCORRECTO,#Coronavirus | Lo que le ocurre a la sangre en los pacientes con #Covid_19 ha generado m√∫ltiples interrogantes a los m√©dicos. https://t.co/iibWkD5YHt https://t.co/IfhaGnU2Ok
400,NEUTRO,INCORRECTO,@Milco75 Revisa esto. Saludos https://t.co/vegcFucI3u
401,POSITIVO,CORRECTO,944 casos positivos de COVID-19 registra la provincia Ts√°chilas862 contagiados en el cant√≥n Santo Domingo 82 contagiados en La Concordia Hasta el momento existen 73 fallecidos por coronavirus y 19 decesos probables de la pandemia. Fuente: COE provincial de Santo Domingo https://t.co/2NxZrojhBJ
402,NEUTRO,INCORRECTO,En Aucas se realizaron las primeras valoraciones de¬†coronavirus https://t.co/VLAGV4ZNv7
403,NEGATIVO,INCORRECTO,Muertes por coronavirus en Am√©rica Latina superan las 50 000  https://t.co/fujbcXAnT9 https://t.co/AbzkxKeift
404,NEUTRO,INCORRECTO,@GYENORTECHICOS Ya empezaste a pegar el Coronavirus
405,NEGATIVO,CORRECTO,A Guayaquil se le olvid√≥ que existe el coronavirus...
406,NEUTRO,INCORRECTO,En Espa√±a se jugar√°n partidos todos los d√≠as para completar la temporada que se suspendi√≥ por el coronavirus. ¬ª https://t.co/tUjl2Yp47o
407,POSITIVO,INCORRECTO,"@Monyka03 @mariapaularomo Qu√© tienen en com√∫n la peste del coronavirus con el virus end√©mico de Correa, el primero caus√≥ muertes y una econom√≠¬≠a destruida, Correa l√≠¬≠der de la corrupci√≥n se alz√≥  con el santo, las limosnas y los borregos c√≥mplices aplaudiendo. Todo esto comprobado."
408,NEUTRO,INCORRECTO,"Emotiva bienvenida al comisario de Cuenca tras estar ingresado, por coronavirus, 77 d√É¬≠as https://t.co/JPP9koecXy"
409,NEUTRO,INCORRECTO,GERMISIN ALCOHOL ANTIS√âPTICO 70¬∞ G.L. Un eficiente desinfectante de uso sanitario clinico y hospitalario. Inf. y Ventas en todo el pa√≠s Whatsapp: 0978650863 #alcohol #alcoholantiseptico #Covid19Ec #Covid_19 #coronavirus #coronavirusenEcuador #EcuadorEnEmergencia #induvall_lab https://t.co/8KuRTt0Lch
410,POSITIVO,CORRECTO,Confirman 34 nuevos casos de coronavirus para un total de 1245 en Venezuela
411,NEUTRO,INCORRECTO,"Forma parte del Multifest School! En esta edici√ìn, la tem√°tica para desarrollar los trabajos es: El coronavirus en el Ecuador. Cu√©ntanos, en una propuesta, las diferentes representaciones gr√°ficas y visuales sobre esta pandemia. https://t.co/y04VFf4XJe https://t.co/GqWgbOjmBg"
412,NEUTRO,INCORRECTO,@ottosonnenh @martinezjg @giovanny_dr @GAZurita BIEN VICEPRESIDENTE https://t.co/rczrZZZYtD https://t.co/MFO7nmJrkI
413,POSITIVO,CORRECTO,"@pau_maldo Hist√≥ricamente hablando, han habido varios brotes de coronavirus. La situaci√≥n ahora es que este virus es transmisible entre especies aparte, ha desarrollado la capacidad de mutar. Las mutaciones son procesos naturales por excelencia y pueden a veces ser inducidos."
414,POSITIVO,INCORRECTO,"La canciller alemana Angela Merkel llam√≥ a actuar de inmediato frente a la pandemia del #coronavirus, al tiempo que advert√≠a de los efectos a largo plazo sobre todo en √Åfrica y el conjunto de los pa√≠ses en desarrollo.¬ª https://t.co/Od5lpHEeUn #Covid_19"
415,POSITIVO,CORRECTO,"#URGENTE #MANTA Barco atunero  de la empresa Conservas Isabel, se encuentra atrapado en la isla de la Polinesia Francesa, con todos sus 30 tripulantes est√°n contagiados de Coronavirus. Uno de ellos  fue entubado debido a que su salud se complic√≥. https://t.co/jehd6M7PqO"
416,NEUTRO,INCORRECTO,"#Sabado #Emergencia #Coronavirus Con LA esperanza intacta, con mucho cari√±o seguimos hoy s√°bado acompa√±ado de mi esposa #AndreaMorocho #LAvictoria #SanJoaquin #Pedregal #VegaRivera Ws 0967782701 https://t.co/BCvhCptinF"
417,NEUTRO,INCORRECTO,Actualizaci√≥n de casos positivos de Coronavirus por cantones. Fuente Gobernaci√≥n de #Tungurahua https://t.co/6g5GWsOYZB
418,NEUTRO,INCORRECTO,Mucho cuidado con la salud de los ni√±os.  https://t.co/FXEp0WXY9c
419,NEUTRO,CORRECTO,#Emelec confirma 8 casos de coronavirus https://t.co/jZkUhgMFPD
420,NEUTRO,INCORRECTO,Las autoridades de gobierno y deportivas plantean un plan a largo plazo. Este a√±o no hubo campe√≥n. https://t.co/NlXj2Ge1Dj
421,POSITIVO,INCORRECTO,Los puntos clave que marcan los cambios en la estrategia de marketing para sobrevivir al coronavirus https://t.co/VYHdYjeYwz
422,NEUTRO,INCORRECTO,"Desinformaci√≥n relacionada con la pandemia de COVID-19 Bill Gates ha aparecido en teor√≠as con el nuevo coronavirus. Manifestantes han coreado ""arrestar a Bill Gates"" El origen de este canto ha sido atribuido al presentador de radio de extrema derecha y te√≥rico de consp Alex Jones https://t.co/f8oedhWjDr"
423,NEGATIVO,INCORRECTO,"Aqu√≠¬≠ el Indice de Rigurosidad de la Respuesta Gubernamental, un puntaje desarrollado por investigadores de la universidad de Oxford, para comparar las respuestas pol√≠ticas de los pa√≠¬≠ses a la pandemia de coronavirus. Ecuador y Brasil: no hay datos. https://t.co/oOdKBMDsWi"
424,NEGATIVO,CORRECTO,#URGENTE ¬°T√âCNICO DEL ATALANTA REVELA HABER TENIDO EL CORONAVIRUS DURANTE EL DUELO ANTE EL VALENCIA POR CHAMPIONS! (AQU√ç LOS DETALLES) https://t.co/XEn4u1Xaj7 https://t.co/fDYmOMQ3Cj
425,POSITIVO,CORRECTO,"¬°Cuidado! Aunque te declaren inmune al coronavirus, a√∫n sigues contagiando https://t.co/GzMvjrkxJe a trav√©s de @XLSemanal"
426,NEUTRO,CORRECTO,Excelente art√≠¬≠culo de revisi√≥n acerca de COVID-19 desde el punto de vista de la Medicina del Deporte https://t.co/04h4rLCl4B
427,POSITIVO,CORRECTO,Un martillazo digital provoc√≥ la pandemia del coronavirus para evitar que ni√±os pierdan el a√±o https://t.co/6EaS5yNKtY https://t.co/tR3EHYzdUz
428,NEUTRO,INCORRECTO,"Entrevista a Mariuxi Rodr√≠guez en An√°lisis en Tiempos de Coronavirus Mariuxi Rodr√≠guez, Rectora de la Unidad Educativa CREAR. Mira la entrevista completa en mi canal de YouTube #MarielaTv o haz click en el siguiente enlace https://t.co/7iEdv0Tk8v https://t.co/149UnKPRCt"
429,NEGATIVO,INCORRECTO,Coronavirus y temblor. https://t.co/OrPdnjjG0w
430,NEUTRO,INCORRECTO,"El s√≠¬≠ndrome inflamatorio multisistemico, evento asociado al #COVID19 que afecta a ni√±os y jovenes, se incluir√° en informes del #CoronavirusEnEcuador https://t.co/LXucgsKrrD https://t.co/I3DGEftq9K"
431,NEUTRO,CORRECTO,¬øQu√© mascarillas puede comprar? ¬øC√≥mo debe utilizarlas? PRIMICIAS le presenta una gu√≠a pr√°ctica. ¬ª https://t.co/hlEN35hk2u https://t.co/hGFgv2KqVw
432,NEUTRO,CORRECTO,"#Prevenci√≥nEsSalud El personal debe ser capacitado sobre todo lo concerniente al coronavirus, s√≠¬≠ntomas y medidas preventivas. #AgroProtegido https://t.co/kdRDmYMXMo"
433,NEUTRO,INCORRECTO,"Ante el rebrote de Coronavirus en la comunidad de Madrid por las manifas de los pijofachas, Cayetanos y dem√°s morralla de Vox, qui√©n deber√≠a pagar la atenci√≥n sanitaria causada por su irresponsabilidad?"
434,POSITIVO,CORRECTO,"Si ten√©s s√≠¬≠ntomas o dudas del #Coronavirus COVID-19, contactate con la l√≠¬≠nea de atenci√≥n ciudadana al 148. No te automediques y permanece en tu domicilio #QuedateEnCasa #CuidarteEsCuidarnos https://t.co/Nhcc4jI7pg"
435,POSITIVO,CORRECTO,"El estratega y su esposa pasaron momentos complicados | ""No ten√≠a fuerzas, apenas pod√≠¬≠a caminar"", se√±ala el DT del Leicester tras superar el coronavirus https://t.co/NS36weAIyg"
436,NEGATIVO,CORRECTO,El robot realiza su trabajo gracias a un brazo desechable impreso en 3D. Es el primero en el mundo. https://t.co/E1ZIdsD9JH
437,NEGATIVO,INCORRECTO,"¬°Recuerda: la emergencia sanitaria no ha terminado. No salgas de casa si no es necesario y, si lo haces, aplica de forma estricta los protocolos recomendados para precautelar tu salud y la de todos. ¬°Al #Coronavirus lo vencemos juntos! #Qu√©dateEnCasa https://t.co/BlL6sHwsR7"
438,NEGATIVO,INCORRECTO,Un ejemplo a seguir. #coronavirus #NuevaZelanda #Ecuador https://t.co/kYaF8vu6uF
439,NEUTRO,INCORRECTO,#Ecuadorüá™üá® #RegionCosta Casos de Coronavirus en sto.domigo de los ts√°chilas https://t.co/BbwnZzq88i
440,POSITIVO,CORRECTO,En √©poca escolar en #Ecuador es com√∫n que los ni√±os tengan repetidas gripes y  en vacaciones no tienen. Evidente que escuela es zona de alto contagio. Con #COVID19 ser√≠a lo mismo o m√°s. Las clases presenciales no deben ser antes de octubre por lo menos. @Lenin @Educacion_Ec #coronavirus https://t.co/lCAJPJmuRr
441,NEUTRO,INCORRECTO,"Alojamiento gratis, la mitad del pasaje y tests de Covid-19 para promocionar destinos üè®üß≥‚úàÔ∏èüÜì @ETC_Corporate 
https://t.co/SSoLd3bv3N"
442,POSITIVO,INCORRECTO,La investigaci√≥n se realiz√≥ en un crucero con 132 infectados con #COVID19 de los cuales el 80% no presentaron s√ç¬≠ntomas. https://t.co/IwEpYouem0
443,NEUTRO,INCORRECTO,En mi casa si estornudas... Mi pap√° ya no te dice salud¬ù ahora te dice: afuera afuera coronavirus.
444,POSITIVO,CORRECTO,"#Coronavirus: El dato fue dado por el ministro de Salud, Juan Carlos Zevallos, en la cadena del 28 de mayo.  https://t.co/IGRgrwqjeY"
445,NEUTRO,INCORRECTO,Espero que el sol mate al coronavirus porque despues de venir de la barber√≠¬≠a estoy lanzado bajo el sol intenso del medio d√≠¬≠a esperando esterilizarme Jajajaja
446,NEGATIVO,CORRECTO,El tenor @AndreaBocelli tuvo coronavirus y dona plasma para investigaci√≥n! Enterate hoy a las 19h45 en #FarandulaGitana https://t.co/yaFGk3FqfT @RadioGitanaEC
447,POSITIVO,CORRECTO,"#Espejo | Con el objetivo de evitar el incremento de casos de coronavirus en la poblaci√≥n, la direcci√≥n distrital 04d03 Espejo-Mira, recibe 300 pruebas r√°pidas para covid 19 por parte del GAD Espejo.  #YoSoyMSP https://t.co/ywqki00hWp"
448,POSITIVO,INCORRECTO,"Definitivamente no estamos preparados... la anarqu√≠a en este pa√≠s es algo cultural, no quiero ni imaginarme los protocolos de Bioseguridad. #CoeNacional #LigaPro #coronavirus FEF https://t.co/Z0ll4vQAYD"
449,POSITIVO,INCORRECTO,LA PANDEMIA TRUCADA.....!!! El coronavirus es una broma comparado con el tabaco https://t.co/3dyDwDiexQ
450,NEUTRO,INCORRECTO,"#Coronavirus: Se trata de la primera m√°quina, en el mundo, que de forma aut√≥noma toma muestras de la garganta de pacientes para realizar tests que ayuden a frenar la pandemia. https://t.co/igIqc8TWDQ"
0.5266666666666666,0.26,0.24888888888888888,0.4911111111111111
